Customer id,Recency,Frequency,Monetary,Cluster,Segment
C00001,262,5,22823.22,0,High Value
C00002,40,6,15302.550000000001,0,High Value
C00003,68,3,11433.6,1,Regular
C00004,78,5,26053.86,0,High Value
C00005,37,4,1625.7199999999998,1,Regular
C00006,57,2,5671.280000000001,1,Regular
C00007,492,2,4729.46,2,At Risk
C00008,119,6,21760.3,0,High Value
C00009,125,3,10935.44,1,Regular
C00010,17,5,22945.62,0,High Value
C00011,26,5,14096.310000000001,0,High Value
C00012,122,4,16652.77,1,Regular
C00013,37,7,22376.55,0,High Value
C00014,10,5,10917.730000000001,0,High Value
C00015,247,3,3147.13,1,Regular
C00016,131,4,13704.060000000001,1,Regular
C00017,275,2,9242.29,2,At Risk
C00018,4,5,22832.96,0,High Value
C00019,344,4,19332.95,2,At Risk
C00020,99,4,11855.150000000001,1,Regular
C00021,155,5,19851.95,0,High Value
C00022,339,3,7628.76,2,At Risk
C00023,79,14,31429.760000000002,0,High Value
C00024,68,8,23796.440000000002,0,High Value
C00025,212,1,919.3,3,New/Low Activity
C00026,232,6,30774.66,0,High Value
C00027,49,4,9804.5,1,Regular
C00028,271,4,10973.73,1,Regular
C00029,16,4,29582.71,0,High Value
C00030,5,7,15538.14,0,High Value
C00031,102,4,11778.23,1,Regular
C00032,269,4,11892.45,1,Regular
C00033,48,8,33066.22,0,High Value
C00034,262,7,19978.3,0,High Value
C00035,100,4,17273.86,0,High Value
C00036,31,4,19591.82,0,High Value
C00037,19,13,43257.97,0,High Value
C00038,142,4,5127.71,1,Regular
C00039,132,3,8275.79,1,Regular
C00040,124,5,14022.27,0,High Value
C00041,33,5,20935.48,0,High Value
C00042,48,8,35322.97,0,High Value
C00043,111,3,7160.91,1,Regular
C00044,8,5,16798.12,0,High Value
C00045,0,2,8603.61,1,Regular
C00046,104,10,31853.11,0,High Value
C00047,487,3,12802.710000000001,2,At Risk
C00048,360,1,3300.2,3,New/Low Activity
C00049,556,1,602.15,3,New/Low Activity
C00050,58,6,21032.170000000002,0,High Value
C00051,35,3,6544.389999999999,1,Regular
C00052,138,8,26522.83,0,High Value
C00053,216,1,3431.6800000000003,3,New/Low Activity
C00054,251,3,6829.71,1,Regular
C00055,268,3,14272.3,2,At Risk
C00056,327,3,11244.36,2,At Risk
C00057,108,5,15432.630000000001,0,High Value
C00058,384,3,10769.12,2,At Risk
C00059,88,3,15055.95,1,Regular
C00060,13,4,20017.260000000002,0,High Value
C00061,32,3,6293.37,1,Regular
C00062,440,3,9214.710000000001,2,At Risk
C00063,60,3,14132.44,1,Regular
C00064,53,6,13745.75,0,High Value
C00065,69,1,4263.83,1,Regular
C00066,228,4,24345.2,0,High Value
C00067,42,6,27162.58,0,High Value
C00068,71,7,22150.28,0,High Value
C00069,132,2,4792.64,1,Regular
C00070,138,3,9341.560000000001,1,Regular
C00071,13,3,8777.04,1,Regular
C00073,101,7,29189.050000000003,0,High Value
C00074,47,3,13580.42,1,Regular
C00075,6,8,40165.66,0,High Value
C00076,285,4,11426.300000000001,2,At Risk
C00077,23,5,9867.97,0,High Value
C00078,2,6,19229.53,0,High Value
C00079,37,2,3228.4,1,Regular
C00080,429,3,15419.44,2,At Risk
C00081,212,3,5519.0,1,Regular
C00082,336,2,10752.12,2,At Risk
C00083,72,4,12018.51,1,Regular
C00084,16,6,26808.19,0,High Value
C00085,305,6,22520.14,0,High Value
C00086,80,7,17448.58,0,High Value
C00087,193,9,34683.12,0,High Value
C00088,23,6,16196.91,0,High Value
C00089,1,6,19895.58,0,High Value
C00090,9,4,6489.16,1,Regular
C00091,26,6,15775.59,0,High Value
C00092,113,5,16450.190000000002,0,High Value
C00093,3,2,9521.02,1,Regular
C00094,146,4,2999.7,1,Regular
C00095,86,3,10210.79,1,Regular
C00096,250,2,7825.920000000001,2,At Risk
C00097,80,5,12248.65,0,High Value
C00098,67,5,21243.04,0,High Value
C00099,218,4,13394.93,1,Regular
C00100,35,3,11426.36,1,Regular
C00101,468,1,4266.53,2,At Risk
C00102,50,6,21633.39,0,High Value
C00103,268,3,9252.35,2,At Risk
C00104,243,5,17067.31,0,High Value
C00105,380,4,11505.76,2,At Risk
C00106,124,2,4092.6600000000003,1,Regular
C00107,19,5,16886.95,0,High Value
C00108,193,5,20927.16,0,High Value
C00109,185,7,29261.920000000002,0,High Value
C00110,606,1,4263.83,2,At Risk
C00111,558,1,6148.68,2,At Risk
C00112,271,4,13897.16,1,Regular
C00113,262,4,9785.310000000001,1,Regular
C00114,61,3,10754.130000000001,1,Regular
C00115,382,2,7351.530000000001,2,At Risk
C00116,282,3,8139.36,2,At Risk
C00117,271,3,4651.92,2,At Risk
C00118,200,3,4265.63,1,Regular
C00119,250,2,853.79,3,New/Low Activity
C00120,159,6,14668.12,0,High Value
C00121,155,9,29518.39,0,High Value
C00122,64,5,15144.53,0,High Value
C00123,315,2,9814.74,2,At Risk
C00124,177,6,16335.54,0,High Value
C00125,3,10,42682.67,0,High Value
C00126,120,5,20361.32,0,High Value
C00127,31,6,16627.88,0,High Value
C00128,555,1,233.13,3,New/Low Activity
C00129,162,4,13654.35,1,Regular
C00130,148,2,6180.37,1,Regular
C00131,41,5,24648.440000000002,0,High Value
C00132,73,4,12616.5,1,Regular
C00133,372,4,14611.08,2,At Risk
C00134,127,3,9309.92,1,Regular
C00135,274,4,8258.03,1,Regular
C00136,358,2,2082.9700000000003,3,New/Low Activity
C00137,41,4,19243.37,0,High Value
C00138,253,3,15096.18,1,Regular
C00139,54,7,21083.86,0,High Value
C00140,243,4,15331.44,1,Regular
C00141,526,2,515.64,3,New/Low Activity
C00142,52,6,21414.3,0,High Value
C00143,129,4,16497.02,1,Regular
C00144,274,5,15218.550000000001,0,High Value
C00145,365,1,4770.37,2,At Risk
C00146,222,5,6616.709999999999,1,Regular
C00147,89,3,12680.0,1,Regular
C00148,159,3,5198.88,1,Regular
C00149,100,5,11776.91,0,High Value
C00150,105,6,17658.32,0,High Value
C00151,248,6,19998.36,0,High Value
C00152,25,5,27989.190000000002,0,High Value
C00153,240,6,30339.46,0,High Value
C00154,57,1,350.24,3,New/Low Activity
C00155,4,4,9446.86,1,Regular
C00156,70,6,22037.72,0,High Value
C00157,109,4,11464.550000000001,1,Regular
C00158,6,7,19759.5,0,High Value
C00159,38,4,15390.03,0,High Value
C00160,375,2,5348.86,2,At Risk
C00161,59,5,7350.22,1,Regular
C00162,51,5,23019.920000000002,0,High Value
C00163,257,1,4702.58,3,New/Low Activity
C00164,212,4,10184.880000000001,1,Regular
C00165,77,4,7364.41,1,Regular
C00166,86,5,16841.82,0,High Value
C00167,290,3,14375.28,2,At Risk
C00168,2,7,17666.12,0,High Value
C00169,278,5,10607.36,1,Regular
C00170,601,1,6572.04,2,At Risk
C00171,121,6,16010.740000000002,0,High Value
C00172,117,3,15018.29,1,Regular
C00173,188,2,4675.360000000001,1,Regular
C00174,159,4,14590.25,1,Regular
C00175,29,4,20596.72,0,High Value
C00176,54,4,11328.83,1,Regular
C00177,23,6,21882.24,0,High Value
C00178,4,6,24300.79,0,High Value
C00179,150,6,14583.24,0,High Value
C00180,4,3,11646.7,1,Regular
C00181,40,3,11182.01,1,Regular
C00182,455,4,10129.779999999999,2,At Risk
C00183,66,2,1201.54,3,New/Low Activity
C00184,48,2,7832.93,1,Regular
C00185,143,4,15425.18,1,Regular
C00186,304,4,10025.82,2,At Risk
C00187,294,3,6333.13,2,At Risk
C00188,265,2,12594.27,2,At Risk
C00189,230,2,519.97,3,New/Low Activity
C00190,211,2,10382.34,1,Regular
C00191,23,4,9256.4,1,Regular
C00192,119,7,32373.440000000002,0,High Value
C00193,96,3,4972.51,1,Regular
C00194,17,4,17439.98,0,High Value
C00195,264,3,9720.19,2,At Risk
C00196,342,6,18102.54,0,High Value
C00197,53,3,6052.27,1,Regular
C00198,294,4,7376.26,2,At Risk
C00199,431,2,8670.74,2,At Risk
C00200,89,2,5795.67,1,Regular
C00201,385,2,12594.300000000001,2,At Risk
C00202,29,5,10218.37,0,High Value
C00203,83,5,24018.370000000003,0,High Value
C00204,3,5,11751.93,0,High Value
C00205,126,5,8601.4,1,Regular
C00206,50,7,25023.97,0,High Value
C00207,187,1,4263.83,3,New/Low Activity
C00208,86,5,14024.77,0,High Value
C00209,339,7,23191.41,0,High Value
C00210,81,5,12587.300000000001,0,High Value
C00211,92,5,18383.600000000002,0,High Value
C00212,272,2,5200.530000000001,2,At Risk
C00213,54,2,8594.04,1,Regular
C00214,138,3,9051.39,1,Regular
C00215,157,3,13771.45,1,Regular
C00216,23,2,5676.5599999999995,1,Regular
C00217,73,7,24199.59,0,High Value
C00218,137,5,21710.33,0,High Value
C00219,2,4,13376.310000000001,1,Regular
C00220,287,4,7288.26,2,At Risk
C00221,9,4,11652.16,1,Regular
C00222,274,5,21832.95,0,High Value
C00223,74,4,12828.11,1,Regular
C00224,167,5,14748.960000000001,0,High Value
C00225,30,7,32248.56,0,High Value
C00226,60,4,11903.81,1,Regular
C00227,59,5,9770.34,0,High Value
C00228,132,2,7805.49,1,Regular
C00229,126,8,26882.54,0,High Value
C00230,64,4,12346.24,1,Regular
C00231,12,4,10303.6,1,Regular
C00232,9,7,18489.08,0,High Value
C00233,183,3,12551.26,1,Regular
C00234,569,3,5079.530000000001,2,At Risk
C00235,35,5,14674.61,0,High Value
C00236,129,4,10374.69,1,Regular
C00237,30,5,11292.42,0,High Value
C00238,12,1,532.77,3,New/Low Activity
C00239,56,6,14262.050000000001,0,High Value
C00240,41,5,16997.74,0,High Value
C00241,63,6,13530.17,0,High Value
C00242,38,5,18378.010000000002,0,High Value
C00243,82,4,13103.24,1,Regular
C00244,278,2,6467.790000000001,2,At Risk
C00245,258,3,9271.82,1,Regular
C00246,296,4,14479.88,2,At Risk
C00247,33,3,10997.390000000001,1,Regular
C00248,118,2,4385.05,1,Regular
C00249,2,3,13749.970000000001,1,Regular
C00250,64,4,12872.84,1,Regular
C00251,243,2,5386.2,2,At Risk
C00252,406,2,5048.400000000001,2,At Risk
C00253,488,3,2132.23,2,At Risk
C00254,17,9,26542.47,0,High Value
C00255,324,2,7076.17,2,At Risk
C00256,299,3,9075.16,2,At Risk
C00257,2,6,9905.42,0,High Value
C00258,139,5,16352.51,0,High Value
C00259,176,4,7480.450000000001,1,Regular
C00260,44,5,24135.95,0,High Value
C00261,144,3,7405.62,1,Regular
C00262,278,3,4487.56,2,At Risk
C00263,69,4,13824.85,1,Regular
C00264,100,2,3081.23,1,Regular
C00265,9,4,13014.960000000001,1,Regular
C00266,153,3,7992.9,1,Regular
C00267,83,4,25846.52,0,High Value
C00268,431,4,19948.32,2,At Risk
C00269,168,4,16856.56,1,Regular
C00270,15,5,12858.31,0,High Value
C00271,251,8,26197.47,0,High Value
C00272,21,2,13251.170000000002,1,Regular
C00273,210,2,1269.91,3,New/Low Activity
C00274,280,2,258.58,3,New/Low Activity
C00275,313,1,109.63,3,New/Low Activity
C00277,146,4,9666.84,1,Regular
C00278,628,2,12738.300000000001,2,At Risk
C00279,119,5,19016.68,0,High Value
C00280,72,2,9920.77,1,Regular
C00281,82,4,16493.98,0,High Value
C00282,123,4,12071.19,1,Regular
C00283,494,3,6655.73,2,At Risk
C00284,219,3,10122.95,1,Regular
C00285,87,4,12544.710000000001,1,Regular
C00286,15,5,12695.76,0,High Value
C00287,163,1,2780.83,3,New/Low Activity
C00288,124,4,20594.54,0,High Value
C00289,26,5,19655.63,0,High Value
C00290,101,5,17602.739999999998,0,High Value
C00291,671,4,15938.960000000001,2,At Risk
C00292,134,2,7050.22,1,Regular
C00293,420,3,6973.719999999999,2,At Risk
C00294,410,4,14964.9,2,At Risk
C00295,367,2,8240.12,2,At Risk
C00296,42,1,8799.41,1,Regular
C00297,229,4,16317.77,1,Regular
C00298,3,3,6657.47,1,Regular
C00299,271,3,14945.490000000002,2,At Risk
C00300,55,6,15761.44,0,High Value
C00301,20,3,13274.82,1,Regular
C00302,113,6,16417.04,0,High Value
C00303,242,3,5743.400000000001,1,Regular
C00304,87,4,11482.14,1,Regular
C00305,33,5,14796.15,0,High Value
C00306,227,4,14309.77,1,Regular
C00307,169,6,22719.170000000002,0,High Value
C00308,4,7,11313.22,0,High Value
C00309,10,5,16667.08,0,High Value
C00310,87,6,18819.07,0,High Value
C00311,413,1,55.15,3,New/Low Activity
C00312,187,2,8104.280000000001,1,Regular
C00313,54,4,7970.39,1,Regular
C00314,423,2,8947.94,2,At Risk
C00315,517,1,2754.4900000000002,3,New/Low Activity
C00316,18,2,1261.02,3,New/Low Activity
C00317,164,2,6015.59,1,Regular
C00318,48,4,8812.1,1,Regular
C00320,34,3,11113.93,1,Regular
C00321,264,3,9355.23,2,At Risk
C00322,179,3,15772.42,1,Regular
C00323,43,7,24939.29,0,High Value
C00324,60,7,18099.08,0,High Value
C00325,125,6,16371.960000000001,0,High Value
C00326,86,8,32882.89,0,High Value
C00327,154,7,20631.48,0,High Value
C00328,74,6,27343.64,0,High Value
C00329,340,1,75.34,3,New/Low Activity
C00330,209,2,8221.77,1,Regular
C00331,53,4,9771.68,1,Regular
C00332,41,8,36253.75,0,High Value
C00333,190,4,9412.980000000001,1,Regular
C00334,38,3,6476.47,1,Regular
C00335,82,3,7938.610000000001,1,Regular
C00336,67,6,31984.96,0,High Value
C00337,294,1,7065.960000000001,2,At Risk
C00338,209,5,17638.780000000002,0,High Value
C00339,351,4,9856.46,2,At Risk
C00340,286,3,5636.42,2,At Risk
C00341,69,6,24299.56,0,High Value
C00342,366,4,8885.140000000001,2,At Risk
C00343,130,6,20318.36,0,High Value
C00344,241,2,2560.21,3,New/Low Activity
C00345,627,1,1831.8,3,New/Low Activity
C00346,7,8,29314.53,0,High Value
C00347,569,2,6041.09,2,At Risk
C00348,135,3,5562.33,1,Regular
C00349,18,5,16276.140000000001,0,High Value
C00350,313,4,13156.43,2,At Risk
C00351,78,3,10232.21,1,Regular
C00352,111,5,12918.23,0,High Value
C00353,21,5,13117.18,0,High Value
C00354,310,5,23743.940000000002,0,High Value
C00355,262,4,12362.54,1,Regular
C00356,68,4,18824.57,0,High Value
C00357,474,3,11887.53,2,At Risk
C00358,304,3,11595.480000000001,2,At Risk
C00359,478,3,17529.54,2,At Risk
C00360,83,5,18528.920000000002,0,High Value
C00361,164,6,20594.45,0,High Value
C00362,604,1,3929.3099999999995,2,At Risk
C00363,44,6,17313.989999999998,0,High Value
C00364,29,5,13768.93,0,High Value
C00365,275,3,9680.99,2,At Risk
C00366,474,2,8097.01,2,At Risk
C00367,37,5,13849.560000000001,0,High Value
C00368,135,4,14456.970000000001,1,Regular
C00369,263,2,2737.83,3,New/Low Activity
C00370,120,4,19835.06,0,High Value
C00371,107,2,6939.85,1,Regular
C00372,92,2,7487.17,1,Regular
C00373,81,2,6246.88,1,Regular
C00374,128,1,4406.91,3,New/Low Activity
C00375,176,8,39415.01,0,High Value
C00376,22,5,19669.63,0,High Value
C00377,307,3,8260.49,2,At Risk
C00378,71,4,18749.71,0,High Value
C00379,182,2,4844.34,1,Regular
C00380,14,5,12014.0,0,High Value
C00381,385,4,12306.060000000001,2,At Risk
C00382,301,4,9800.35,2,At Risk
C00383,33,3,12708.21,1,Regular
C00384,29,5,16269.58,0,High Value
C00385,65,2,3316.87,1,Regular
C00386,107,5,13154.73,0,High Value
C00387,354,3,7104.42,2,At Risk
C00388,707,1,189.15,3,New/Low Activity
C00389,170,4,11412.51,1,Regular
C00391,69,4,13917.71,1,Regular
C00392,113,5,16895.31,0,High Value
C00393,147,3,6652.26,1,Regular
C00394,160,2,6028.67,1,Regular
C00395,89,5,11285.15,0,High Value
C00396,305,3,9302.990000000002,2,At Risk
C00397,40,6,17023.53,0,High Value
C00398,5,5,19063.24,0,High Value
C00399,9,4,8814.35,1,Regular
C00400,36,3,10375.96,1,Regular
C00401,570,2,9130.11,2,At Risk
C00402,112,3,14804.26,1,Regular
C00403,6,3,14154.01,1,Regular
C00404,177,5,26993.99,0,High Value
C00405,174,3,13334.36,1,Regular
C00406,198,4,7814.290000000001,1,Regular
C00407,382,4,9540.210000000001,2,At Risk
C00408,258,2,6628.17,2,At Risk
C00409,158,6,23218.010000000002,0,High Value
C00410,106,6,19912.1,0,High Value
C00411,123,5,17758.55,0,High Value
C00412,140,5,10244.19,0,High Value
C00413,109,7,20443.31,0,High Value
C00414,132,3,4327.44,1,Regular
C00415,222,3,9167.92,1,Regular
C00416,23,5,12324.11,0,High Value
C00417,124,2,10460.210000000001,1,Regular
C00418,344,7,26171.63,0,High Value
C00419,185,4,16702.63,1,Regular
C00420,386,2,12338.84,2,At Risk
C00421,85,2,504.8,3,New/Low Activity
C00422,350,2,7266.110000000001,2,At Risk
C00423,2,5,17076.95,0,High Value
C00424,55,7,21363.940000000002,0,High Value
C00425,80,9,26879.780000000002,0,High Value
C00426,50,4,17745.43,0,High Value
C00427,513,2,6988.77,2,At Risk
C00428,316,2,11118.91,2,At Risk
C00429,32,5,9742.57,0,High Value
C00430,77,3,11654.62,1,Regular
C00431,89,2,4464.610000000001,1,Regular
C00432,202,4,14430.17,1,Regular
C00433,123,4,8518.34,1,Regular
C00434,30,4,18943.79,0,High Value
C00435,350,2,7262.160000000001,2,At Risk
C00436,87,4,14302.78,1,Regular
C00437,279,5,10943.69,1,Regular
C00438,6,8,19088.100000000002,0,High Value
C00439,26,2,7965.76,1,Regular
C00440,427,2,7042.66,2,At Risk
C00441,2,6,16196.94,0,High Value
C00442,93,4,15345.24,1,Regular
C00443,171,3,5631.0599999999995,1,Regular
C00444,5,7,17448.77,0,High Value
C00445,10,6,18277.05,0,High Value
C00446,502,2,1447.0900000000001,3,New/Low Activity
C00447,203,3,15692.15,1,Regular
C00448,156,3,9593.53,1,Regular
C00450,324,2,6350.39,2,At Risk
C00451,15,1,465.8,3,New/Low Activity
C00452,108,5,10636.61,0,High Value
C00453,59,3,14166.34,1,Regular
C00454,295,2,5263.83,2,At Risk
C00455,138,3,7242.18,1,Regular
C00456,96,4,14408.94,1,Regular
C00457,2,4,9061.01,1,Regular
C00458,534,2,4431.74,2,At Risk
C00459,47,3,8728.6,1,Regular
C00460,4,6,16653.78,0,High Value
C00461,10,5,19776.09,0,High Value
C00462,64,9,29834.010000000002,0,High Value
C00463,11,4,10556.26,1,Regular
C00464,210,2,4950.28,1,Regular
C00465,272,1,3363.25,3,New/Low Activity
C00466,20,4,25580.920000000002,0,High Value
C00467,448,4,6649.150000000001,2,At Risk
C00468,268,1,144.9,3,New/Low Activity
C00469,488,3,7840.990000000001,2,At Risk
C00470,1,5,13553.42,0,High Value
C00471,42,3,8275.81,1,Regular
C00472,282,4,4219.13,2,At Risk
C00473,136,1,4372.46,3,New/Low Activity
C00474,220,3,10678.75,1,Regular
C00475,362,2,10421.48,2,At Risk
C00476,66,5,15672.04,0,High Value
C00477,342,1,4576.17,2,At Risk
C00478,154,3,19022.09,1,Regular
C00479,273,2,5732.12,2,At Risk
C00480,36,7,22752.670000000002,0,High Value
C00481,206,5,12685.37,0,High Value
C00482,25,7,24849.670000000002,0,High Value
C00483,595,1,4263.83,2,At Risk
C00484,71,2,10984.5,1,Regular
C00485,441,3,9651.02,2,At Risk
C00486,141,5,8756.26,1,Regular
C00487,69,6,28942.920000000002,0,High Value
C00488,420,1,4736.9400000000005,2,At Risk
C00489,17,2,9010.3,1,Regular
C00490,12,12,39067.03,0,High Value
C00491,312,5,13669.92,2,At Risk
C00492,45,10,31913.41,0,High Value
C00493,0,6,20162.24,0,High Value
C00494,155,5,24101.68,0,High Value
C00495,573,2,7882.650000000001,2,At Risk
C00496,87,5,14312.06,0,High Value
C00497,368,2,5350.75,2,At Risk
C00498,111,4,5587.67,1,Regular
C00499,60,4,2588.14,1,Regular
C00500,215,4,11362.47,1,Regular
C00501,144,8,26781.01,0,High Value
C00502,262,5,29951.0,0,High Value
C00503,46,4,10978.84,1,Regular
C00504,218,3,10194.87,1,Regular
C00505,201,2,4777.5,1,Regular
C00506,110,5,13530.710000000001,0,High Value
C00507,3,5,13113.17,0,High Value
C00508,251,2,9081.92,2,At Risk
C00509,167,5,11861.92,0,High Value
C00510,206,3,10993.66,1,Regular
C00511,101,4,12546.26,1,Regular
C00512,306,4,14783.58,2,At Risk
C00513,316,5,11502.81,2,At Risk
C00514,38,5,14295.43,0,High Value
C00515,127,6,18322.32,0,High Value
C00516,30,6,10629.58,0,High Value
C00517,239,4,9678.74,1,Regular
C00518,25,5,25178.84,0,High Value
C00519,120,2,5578.99,1,Regular
C00520,349,5,14632.04,2,At Risk
C00521,392,3,9566.56,2,At Risk
C00522,257,4,13311.960000000001,1,Regular
C00523,140,2,7372.87,1,Regular
C00524,22,6,26003.89,0,High Value
C00525,557,2,10488.18,2,At Risk
C00526,560,4,10286.11,2,At Risk
C00527,49,2,9334.99,1,Regular
C00528,37,4,10172.29,1,Regular
C00529,450,2,7984.04,2,At Risk
C00530,9,2,6660.66,1,Regular
C00531,540,1,4263.83,2,At Risk
C00532,53,9,33078.12,0,High Value
C00533,104,6,20833.99,0,High Value
C00534,220,2,9088.23,1,Regular
C00535,8,5,10296.99,0,High Value
C00536,51,4,7029.63,1,Regular
C00537,62,6,27155.63,0,High Value
C00538,132,5,22082.24,0,High Value
C00539,0,3,10284.03,1,Regular
C00540,186,3,8638.710000000001,1,Regular
C00542,353,2,4403.75,2,At Risk
C00543,38,5,16682.170000000002,0,High Value
C00544,93,4,16515.36,0,High Value
C00545,142,5,14024.04,0,High Value
C00546,232,3,9281.86,1,Regular
C00547,308,2,4342.4400000000005,2,At Risk
C00548,1,7,18100.16,0,High Value
C00549,9,5,11589.08,0,High Value
C00550,117,4,9092.03,1,Regular
C00551,13,7,12648.54,0,High Value
C00552,302,4,13387.53,2,At Risk
C00553,30,3,12613.62,1,Regular
C00554,156,7,28459.27,0,High Value
C00555,449,2,7206.63,2,At Risk
C00556,11,4,9038.92,1,Regular
C00557,369,2,3663.83,2,At Risk
C00558,139,6,15777.66,0,High Value
C00559,213,5,16996.53,0,High Value
C00560,658,1,4687.28,2,At Risk
C00561,9,3,4780.28,1,Regular
C00562,42,6,5193.62,1,Regular
C00563,437,3,19688.13,2,At Risk
C00564,36,4,16904.65,0,High Value
C00565,227,4,14555.58,1,Regular
C00566,501,2,8672.1,2,At Risk
C00567,94,5,16283.210000000001,0,High Value
C00568,6,5,12981.64,0,High Value
C00569,208,4,14855.230000000001,1,Regular
C00570,261,2,8676.14,2,At Risk
C00571,134,5,5624.21,1,Regular
C00572,39,1,1581.24,3,New/Low Activity
C00573,70,6,23130.79,0,High Value
C00574,145,5,12629.44,0,High Value
C00575,657,2,7072.67,2,At Risk
C00576,59,7,25822.870000000003,0,High Value
C00577,9,6,17195.07,0,High Value
C00578,248,3,5745.81,1,Regular
C00579,60,4,12047.53,1,Regular
C00580,72,3,7301.58,1,Regular
C00581,163,3,6548.32,1,Regular
C00582,84,4,17590.14,0,High Value
C00583,38,8,22041.33,0,High Value
C00584,46,6,19004.88,0,High Value
C00585,102,6,13556.26,0,High Value
C00586,0,6,21036.54,0,High Value
C00587,114,2,9601.15,1,Regular
C00588,147,3,7123.32,1,Regular
C00590,418,4,12444.91,2,At Risk
C00591,289,5,14720.51,0,High Value
C00592,629,1,2569.95,3,New/Low Activity
C00593,26,2,8794.25,1,Regular
C00594,30,3,3757.87,1,Regular
C00595,427,3,7164.11,2,At Risk
C00596,26,6,16944.600000000002,0,High Value
C00597,452,2,4232.56,2,At Risk
C00598,336,5,16048.91,2,At Risk
C00599,99,2,4897.06,1,Regular
C00600,290,3,9680.220000000001,2,At Risk
C00601,80,4,18671.33,0,High Value
C00602,15,2,9125.28,1,Regular
C00603,15,4,7776.370000000001,1,Regular
C00604,140,4,17044.99,0,High Value
C00605,242,2,6806.62,2,At Risk
C00606,93,2,9004.75,1,Regular
C00608,56,4,13711.61,1,Regular
C00609,153,3,15917.08,1,Regular
C00610,14,5,18080.22,0,High Value
C00611,148,3,12035.150000000001,1,Regular
C00612,155,9,33284.74,0,High Value
C00613,205,6,22228.65,0,High Value
C00614,81,2,10471.36,1,Regular
C00615,573,1,4644.78,2,At Risk
C00616,362,8,28260.64,0,High Value
C00617,29,11,26599.45,0,High Value
C00618,41,3,10796.640000000001,1,Regular
C00619,641,3,15742.11,2,At Risk
C00620,132,3,11776.64,1,Regular
C00621,54,4,11035.83,1,Regular
C00622,84,4,13455.67,1,Regular
C00623,313,3,9715.25,2,At Risk
C00624,17,10,22862.71,0,High Value
C00625,324,2,1967.0,3,New/Low Activity
C00626,205,1,1707.15,3,New/Low Activity
C00627,70,4,12847.2,1,Regular
C00628,370,4,14650.44,2,At Risk
C00629,214,6,18908.010000000002,0,High Value
C00630,129,2,5850.33,1,Regular
C00631,177,3,11266.15,1,Regular
C00632,140,6,21308.64,0,High Value
C00633,279,3,15552.07,2,At Risk
C00634,48,7,26000.48,0,High Value
C00635,706,2,8829.960000000001,2,At Risk
C00636,36,5,11105.43,0,High Value
C00637,230,2,8339.369999999999,1,Regular
C00638,41,3,7227.16,1,Regular
C00639,85,4,8429.18,1,Regular
C00640,631,3,5127.34,2,At Risk
C00641,277,2,10684.210000000001,2,At Risk
C00642,19,3,12327.75,1,Regular
C00643,177,4,16905.600000000002,1,Regular
C00644,185,4,19368.440000000002,0,High Value
C00645,424,2,8118.5,2,At Risk
C00646,166,4,10202.23,1,Regular
C00647,290,2,6083.73,2,At Risk
C00648,388,3,11553.560000000001,2,At Risk
C00649,79,7,26727.440000000002,0,High Value
C00651,104,9,25616.79,0,High Value
C00652,358,3,6271.96,2,At Risk
C00653,3,6,19345.13,0,High Value
C00654,16,5,14529.26,0,High Value
C00655,77,6,19290.21,0,High Value
C00656,84,6,19196.09,0,High Value
C00657,171,6,15806.45,0,High Value
C00658,335,3,16184.000000000002,2,At Risk
C00659,124,4,8522.470000000001,1,Regular
C00660,458,1,146.43,3,New/Low Activity
C00661,67,5,18783.68,0,High Value
C00662,207,4,20347.23,0,High Value
C00663,264,2,5726.820000000001,2,At Risk
C00664,61,4,15013.27,1,Regular
C00665,1,7,17314.49,0,High Value
C00666,207,9,29873.620000000003,0,High Value
C00667,313,8,27097.96,0,High Value
C00668,205,3,9603.89,1,Regular
C00669,280,3,7806.46,2,At Risk
C00670,136,4,13198.49,1,Regular
C00671,74,6,22387.920000000002,0,High Value
C00672,141,4,14508.460000000001,1,Regular
C00673,9,3,12190.08,1,Regular
C00674,15,3,3704.94,1,Regular
C00676,22,3,10184.91,1,Regular
C00677,35,1,4263.83,1,Regular
C00678,100,4,16826.88,0,High Value
C00679,399,3,18797.96,2,At Risk
C00680,107,6,21043.27,0,High Value
C00681,82,6,13159.91,0,High Value
C00682,437,2,3826.2,2,At Risk
C00683,17,8,26938.41,0,High Value
C00684,527,1,2461.57,3,New/Low Activity
C00685,80,3,9882.84,1,Regular
C00686,64,4,14436.470000000001,1,Regular
C00687,264,5,12101.45,0,High Value
C00688,79,2,9636.87,1,Regular
C00689,27,5,13031.62,0,High Value
C00690,11,10,29493.25,0,High Value
C00691,56,3,12564.8,1,Regular
C00692,35,5,21952.010000000002,0,High Value
C00693,192,2,8011.09,1,Regular
C00694,404,2,4571.150000000001,2,At Risk
C00695,192,3,11428.7,1,Regular
C00696,200,3,15055.86,1,Regular
C00697,259,3,8698.29,2,At Risk
C00698,472,2,1204.41,3,New/Low Activity
C00699,152,3,12516.01,1,Regular
C00700,359,2,9116.23,2,At Risk
C00702,89,6,19221.59,0,High Value
C00703,162,2,6539.650000000001,1,Regular
C00704,60,2,5130.45,1,Regular
C00705,34,5,14121.42,0,High Value
C00706,355,6,30150.15,0,High Value
C00707,351,1,2441.41,3,New/Low Activity
C00708,16,5,14939.68,0,High Value
C00709,239,5,5293.96,1,Regular
C00710,510,2,5370.95,2,At Risk
C00711,23,7,22503.82,0,High Value
C00712,4,5,16067.69,0,High Value
C00713,35,8,22537.43,0,High Value
C00714,219,6,17723.83,0,High Value
C00715,323,2,4672.51,2,At Risk
C00716,24,3,11907.29,1,Regular
C00717,501,3,14822.2,2,At Risk
C00718,68,4,13529.57,1,Regular
C00719,163,3,10212.43,1,Regular
C00720,194,5,5989.53,1,Regular
C00721,231,3,11790.4,1,Regular
C00722,129,6,29998.190000000002,0,High Value
C00723,6,6,26905.65,0,High Value
C00724,18,4,8231.289999999999,1,Regular
C00725,383,3,5145.76,2,At Risk
C00726,1,5,17706.19,0,High Value
C00727,11,7,17942.53,0,High Value
C00728,25,6,14608.23,0,High Value
C00729,186,4,13506.74,1,Regular
C00730,41,3,7618.8,1,Regular
C00731,14,4,14077.310000000001,1,Regular
C00732,290,2,7269.72,2,At Risk
C00733,96,7,16564.670000000002,0,High Value
C00734,173,3,7485.070000000001,1,Regular
C00735,35,5,6389.740000000001,1,Regular
C00736,40,4,14477.439999999999,1,Regular
C00737,2,8,27963.600000000002,0,High Value
C00738,40,3,6276.29,1,Regular
C00739,243,4,13122.640000000001,1,Regular
C00740,252,4,7937.2300000000005,1,Regular
C00741,33,7,16111.800000000001,0,High Value
C00742,211,3,12179.71,1,Regular
C00743,215,3,11431.87,1,Regular
C00744,6,8,18567.98,0,High Value
C00745,130,3,8363.34,1,Regular
C00746,198,5,20834.81,0,High Value
C00747,37,8,24237.940000000002,0,High Value
C00748,293,3,11497.53,2,At Risk
C00749,30,7,28597.57,0,High Value
C00750,158,2,6649.28,1,Regular
C00751,33,3,6760.0199999999995,1,Regular
C00752,62,6,25529.56,0,High Value
C00753,336,2,5825.96,2,At Risk
C00754,603,3,9885.11,2,At Risk
C00755,34,3,6187.09,1,Regular
C00756,382,2,1656.7,3,New/Low Activity
C00757,70,1,134.09,3,New/Low Activity
C00758,74,5,16948.99,0,High Value
C00759,191,4,17753.71,1,Regular
C00760,345,1,7306.540000000001,2,At Risk
C00762,141,4,11375.61,1,Regular
C00763,245,1,2322.0699999999997,3,New/Low Activity
C00764,78,1,4692.33,1,Regular
C00765,112,5,14901.31,0,High Value
C00766,157,6,23337.510000000002,0,High Value
C00767,99,4,15284.86,1,Regular
C00768,13,7,15735.51,0,High Value
C00769,36,4,16197.12,0,High Value
C00770,88,3,12354.300000000001,1,Regular
C00772,99,6,18966.89,0,High Value
C00773,0,5,8503.28,1,Regular
C00774,327,4,15041.03,2,At Risk
C00775,358,5,11993.75,2,At Risk
C00776,5,9,22633.25,0,High Value
C00777,95,7,21733.37,0,High Value
C00778,14,4,12999.35,1,Regular
C00779,18,5,15475.220000000001,0,High Value
C00780,81,4,10706.17,1,Regular
C00781,10,3,8397.31,1,Regular
C00782,61,5,19281.59,0,High Value
C00783,61,3,9159.83,1,Regular
C00784,209,2,3408.6200000000003,1,Regular
C00785,128,5,20720.87,0,High Value
C00786,46,3,7927.07,1,Regular
C00787,2,5,17973.6,0,High Value
C00788,32,2,8406.32,1,Regular
C00789,83,6,18195.56,0,High Value
C00790,65,3,12176.35,1,Regular
C00791,3,6,21444.21,0,High Value
C00792,221,3,12407.24,1,Regular
C00793,19,1,3078.4,3,New/Low Activity
C00794,70,5,7251.599999999999,1,Regular
C00795,168,4,14905.59,1,Regular
C00796,271,7,15912.8,0,High Value
C00797,23,6,22540.23,0,High Value
C00798,360,2,10603.23,2,At Risk
C00799,268,3,9219.89,2,At Risk
C00800,252,4,15344.04,1,Regular
C00801,59,5,14576.32,0,High Value
C00802,193,7,30404.750000000004,0,High Value
C00803,154,5,9777.87,1,Regular
C00804,159,3,9369.08,1,Regular
C00805,198,2,4867.8,1,Regular
C00806,197,3,9164.52,1,Regular
C00807,44,9,29175.77,0,High Value
C00808,283,4,13505.070000000002,2,At Risk
C00809,130,6,15282.71,0,High Value
C00810,7,6,23319.190000000002,0,High Value
C00811,107,4,15150.41,1,Regular
C00812,86,3,7001.41,1,Regular
C00813,67,4,13613.970000000001,1,Regular
C00814,118,3,8232.35,1,Regular
C00815,57,9,18550.46,0,High Value
C00816,497,1,4263.83,2,At Risk
C00817,569,1,4263.83,2,At Risk
C00818,14,2,11668.29,1,Regular
C00819,16,5,14273.49,0,High Value
C00820,5,3,10379.86,1,Regular
C00821,59,2,7555.12,1,Regular
C00822,246,4,10635.449999999999,1,Regular
C00823,14,7,15467.58,0,High Value
C00824,187,6,22328.0,0,High Value
C00825,25,6,21154.100000000002,0,High Value
C00826,24,2,3666.0899999999997,1,Regular
C00827,251,4,15139.59,1,Regular
C00828,262,7,27199.43,0,High Value
C00829,144,1,561.1,3,New/Low Activity
C00830,96,4,10135.74,1,Regular
C00831,201,4,15756.210000000001,1,Regular
C00832,145,3,13448.59,1,Regular
C00833,158,4,10139.26,1,Regular
C00834,267,3,12937.16,2,At Risk
C00835,22,4,11221.43,1,Regular
C00836,78,4,11725.57,1,Regular
C00837,597,1,5754.27,2,At Risk
C00838,43,6,23379.350000000002,0,High Value
C00839,267,3,9260.65,2,At Risk
C00840,7,1,453.55,3,New/Low Activity
C00841,235,3,3705.33,1,Regular
C00842,289,4,16725.36,2,At Risk
C00843,10,6,12836.11,0,High Value
C00844,23,6,5619.65,1,Regular
C00845,189,4,18811.550000000003,0,High Value
C00846,0,3,13914.95,1,Regular
C00847,120,3,9311.17,1,Regular
C00848,85,5,17741.11,0,High Value
C00849,26,5,19503.62,0,High Value
C00850,180,3,10963.890000000001,1,Regular
C00851,18,6,24039.7,0,High Value
C00852,262,1,4359.49,3,New/Low Activity
C00853,154,4,9518.01,1,Regular
C00854,88,6,24212.33,0,High Value
C00855,273,2,4633.78,2,At Risk
C00856,48,6,12518.97,0,High Value
C00857,161,6,20258.07,0,High Value
C00858,89,3,10300.91,1,Regular
C00860,188,6,19321.88,0,High Value
C00861,459,2,5329.5,2,At Risk
C00862,176,4,12793.23,1,Regular
C00863,6,4,11524.39,1,Regular
C00864,113,3,7322.79,1,Regular
C00865,209,2,4543.35,1,Regular
C00866,91,3,10007.08,1,Regular
C00867,149,2,11322.230000000001,1,Regular
C00868,47,5,21370.36,0,High Value
C00869,8,5,17475.27,0,High Value
C00870,144,3,8823.48,1,Regular
C00871,321,1,1133.27,3,New/Low Activity
C00872,56,5,18482.86,0,High Value
C00873,2,5,17926.78,0,High Value
C00874,20,4,19103.75,0,High Value
C00875,209,3,6208.79,1,Regular
C00876,131,3,6462.44,1,Regular
C00877,55,4,8978.720000000001,1,Regular
C00878,213,4,16005.810000000001,1,Regular
C00879,170,4,16624.37,1,Regular
C00880,317,3,6566.85,2,At Risk
C00881,42,5,18722.6,0,High Value
C00882,10,6,20260.86,0,High Value
C00883,34,4,11091.18,1,Regular
C00884,71,6,26486.670000000002,0,High Value
C00886,276,6,23598.64,0,High Value
C00887,304,1,4285.88,3,New/Low Activity
C00888,134,3,11857.76,1,Regular
C00889,59,5,16608.24,0,High Value
C00890,104,3,12306.93,1,Regular
C00891,71,2,3177.8,1,Regular
C00892,126,4,11220.03,1,Regular
C00893,94,7,18120.64,0,High Value
C00894,75,4,9749.01,1,Regular
C00895,81,2,8878.66,1,Regular
C00896,323,6,9985.39,0,High Value
C00897,189,6,16068.380000000001,0,High Value
C00898,35,5,17143.63,0,High Value
C00899,62,3,9210.84,1,Regular
C00900,290,2,9545.99,2,At Risk
C00901,185,4,12595.84,1,Regular
C00902,428,5,16905.07,2,At Risk
C00903,90,6,36490.5,0,High Value
C00904,17,5,10499.92,0,High Value
C00905,16,3,8037.4800000000005,1,Regular
C00906,18,4,13789.74,1,Regular
C00907,724,1,460.69,3,New/Low Activity
C00908,83,3,10496.39,1,Regular
C00909,51,2,1663.6799999999998,3,New/Low Activity
C00910,9,4,12474.99,1,Regular
C00911,344,2,5345.71,2,At Risk
C00912,76,7,22300.920000000002,0,High Value
C00913,528,3,12585.11,2,At Risk
C00914,178,4,15388.95,1,Regular
C00915,40,3,7636.56,1,Regular
C00916,62,4,14011.470000000001,1,Regular
C00917,264,2,5588.7,2,At Risk
C00918,10,3,11228.59,1,Regular
C00919,62,3,7686.53,1,Regular
C00920,15,4,21685.55,0,High Value
C00921,44,5,12703.22,0,High Value
C00922,571,1,4685.2,2,At Risk
C00923,70,4,14550.18,1,Regular
C00924,213,5,17840.6,0,High Value
C00925,166,5,22337.41,0,High Value
C00926,101,5,17236.63,0,High Value
C00927,6,3,7702.49,1,Regular
C00928,398,4,14109.58,2,At Risk
C00929,74,2,4122.9800000000005,1,Regular
C00930,2,6,15059.710000000001,0,High Value
C00931,178,6,19736.74,0,High Value
C00932,195,3,8828.02,1,Regular
C00933,27,5,22667.12,0,High Value
C00934,220,4,16332.15,1,Regular
C00935,190,5,15560.390000000001,0,High Value
C00936,126,3,2306.08,1,Regular
C00937,385,3,21168.260000000002,2,At Risk
C00938,155,4,14096.81,1,Regular
C00939,176,2,10692.84,1,Regular
C00940,545,3,11675.17,2,At Risk
C00941,169,4,9762.62,1,Regular
C00942,186,3,5804.43,1,Regular
C00943,61,9,37846.21,0,High Value
C00944,13,5,20720.34,0,High Value
C00945,78,4,18206.35,0,High Value
C00946,29,4,9355.0,1,Regular
C00947,322,4,10848.89,2,At Risk
C00948,80,6,15327.7,0,High Value
C00949,417,4,17059.47,2,At Risk
C00950,130,4,14578.77,1,Regular
C00951,16,5,10092.05,0,High Value
C00952,17,5,12977.05,0,High Value
C00953,298,3,16766.170000000002,2,At Risk
C00954,21,4,10646.460000000001,1,Regular
C00955,67,6,13499.73,0,High Value
C00956,29,7,38484.03,0,High Value
C00957,293,3,6203.65,2,At Risk
C00958,397,3,7654.34,2,At Risk
C00959,220,6,14270.79,0,High Value
C00960,107,5,16113.07,0,High Value
C00961,133,6,23359.54,0,High Value
C00962,231,3,5195.39,1,Regular
C00963,371,1,220.6,3,New/Low Activity
C00964,4,5,17041.95,0,High Value
C00965,156,1,3255.2999999999997,3,New/Low Activity
C00966,133,8,24052.07,0,High Value
C00967,315,3,12523.49,2,At Risk
C00968,45,1,2591.73,3,New/Low Activity
C00969,0,5,16548.9,0,High Value
C00970,138,8,29838.78,0,High Value
C00971,193,2,1978.13,3,New/Low Activity
C00972,17,3,2877.26,1,Regular
C00973,130,5,18348.8,0,High Value
C00974,588,3,11101.17,2,At Risk
C00975,50,2,7261.160000000001,1,Regular
C00976,69,8,31305.2,0,High Value
C00977,211,4,12613.43,1,Regular
C00978,161,3,10418.6,1,Regular
C00979,159,7,28009.22,0,High Value
C00980,20,7,13032.960000000001,0,High Value
C00981,170,4,14382.380000000001,1,Regular
C00982,41,5,15359.16,0,High Value
C00983,81,7,28601.35,0,High Value
C00984,422,2,5363.29,2,At Risk
C00985,2,6,27349.49,0,High Value
C00986,56,5,17458.11,0,High Value
C00987,58,6,30746.34,0,High Value
C00988,13,4,14586.720000000001,1,Regular
C00989,180,3,11719.04,1,Regular
C00990,313,3,10299.12,2,At Risk
C00991,155,5,19138.81,0,High Value
C00992,218,4,11217.220000000001,1,Regular
C00993,102,4,10074.19,1,Regular
C00994,126,2,7193.89,1,Regular
C00995,519,1,4618.74,2,At Risk
C00996,27,3,9553.17,1,Regular
C00997,442,1,1142.0900000000001,3,New/Low Activity
C00998,234,5,6040.8099999999995,1,Regular
C00999,517,1,4555.0,2,At Risk
C01000,497,3,9275.42,2,At Risk
C01001,167,3,13859.060000000001,1,Regular
C01002,207,4,21830.04,0,High Value
C01003,179,7,21972.16,0,High Value
C01004,531,2,5192.02,2,At Risk
C01005,25,5,19970.65,0,High Value
C01006,255,4,12505.1,1,Regular
C01007,24,4,17175.48,0,High Value
C01008,33,6,18155.5,0,High Value
C01009,22,7,18706.41,0,High Value
C01010,348,5,15029.07,2,At Risk
C01011,194,6,27830.920000000002,0,High Value
C01012,178,5,15638.58,0,High Value
C01013,161,2,9245.32,1,Regular
C01014,178,2,8527.66,1,Regular
C01015,312,3,7379.52,2,At Risk
C01016,9,3,8696.68,1,Regular
C01017,190,7,20510.0,0,High Value
C01018,22,4,9783.25,1,Regular
C01019,184,3,10465.36,1,Regular
C01020,44,3,2967.64,1,Regular
C01021,1,2,5341.39,1,Regular
C01022,53,4,12457.24,1,Regular
C01023,111,4,12672.660000000002,1,Regular
C01024,517,1,2966.83,3,New/Low Activity
C01025,153,7,26012.08,0,High Value
C01026,113,5,13570.95,0,High Value
C01027,251,3,8528.77,1,Regular
C01028,97,6,25857.5,0,High Value
C01029,15,5,17608.89,0,High Value
C01030,58,6,27212.75,0,High Value
C01031,95,5,22664.1,0,High Value
C01032,137,6,15536.02,0,High Value
C01033,681,2,6562.79,2,At Risk
C01034,92,5,9007.11,1,Regular
C01035,19,6,24575.870000000003,0,High Value
C01036,154,7,28993.84,0,High Value
C01037,107,7,19301.96,0,High Value
C01038,608,1,1972.32,3,New/Low Activity
C01039,161,4,9139.1,1,Regular
C01040,68,6,19417.71,0,High Value
C01041,600,1,621.51,3,New/Low Activity
C01042,271,5,22539.99,0,High Value
C01043,154,7,20219.59,0,High Value
C01044,95,6,16162.7,0,High Value
C01045,430,4,10753.43,2,At Risk
C01046,13,4,10261.880000000001,1,Regular
C01047,298,7,24060.850000000002,0,High Value
C01048,276,4,13592.1,1,Regular
C01049,6,5,14037.62,0,High Value
C01050,477,2,3602.42,2,At Risk
C01051,67,5,12451.86,0,High Value
C01052,80,2,5131.91,1,Regular
C01053,153,3,1093.6599999999999,3,New/Low Activity
C01054,277,3,14994.61,2,At Risk
C01055,25,5,12174.11,0,High Value
C01056,199,4,13461.62,1,Regular
C01057,17,5,14778.49,0,High Value
C01058,99,6,26010.27,0,High Value
C01059,530,3,16806.760000000002,2,At Risk
C01060,18,4,14360.43,1,Regular
C01061,141,4,13951.04,1,Regular
C01062,36,5,10390.1,0,High Value
C01063,112,5,12900.08,0,High Value
C01064,21,5,22267.71,0,High Value
C01065,113,3,6286.52,1,Regular
C01066,128,4,15553.83,1,Regular
C01067,457,1,2802.13,3,New/Low Activity
C01068,287,3,9649.19,2,At Risk
C01069,34,7,23377.670000000002,0,High Value
C01070,189,3,17548.07,1,Regular
C01071,63,8,27743.760000000002,0,High Value
C01072,17,7,23083.920000000002,0,High Value
C01073,282,6,23809.43,0,High Value
C01074,104,3,11587.390000000001,1,Regular
C01075,119,2,6291.48,1,Regular
C01076,134,3,9649.97,1,Regular
C01077,303,3,9145.65,2,At Risk
C01078,234,2,2648.29,3,New/Low Activity
C01079,70,3,9934.470000000001,1,Regular
C01080,42,2,7007.35,1,Regular
C01081,569,2,4606.93,2,At Risk
C01082,114,9,27010.210000000003,0,High Value
C01084,55,10,38072.37,0,High Value
C01085,77,7,15132.210000000001,0,High Value
C01086,106,3,12434.24,1,Regular
C01087,380,5,19549.21,2,At Risk
C01088,42,1,4173.85,1,Regular
C01089,418,3,11517.85,2,At Risk
C01090,450,3,9327.9,2,At Risk
C01091,136,3,13861.03,1,Regular
C01092,177,1,886.35,3,New/Low Activity
C01093,72,5,11170.66,0,High Value
C01094,541,2,9241.960000000001,2,At Risk
C01095,8,6,20910.989999999998,0,High Value
C01096,150,1,677.56,3,New/Low Activity
C01097,529,2,8287.15,2,At Risk
C01098,211,6,18644.4,0,High Value
C01099,93,7,27311.55,0,High Value
C01100,235,4,7376.97,1,Regular
C01101,117,4,10615.470000000001,1,Regular
C01102,348,3,12079.02,2,At Risk
C01103,175,4,18159.5,0,High Value
C01104,61,5,22146.3,0,High Value
C01105,90,5,14830.25,0,High Value
C01106,68,6,33158.69,0,High Value
C01107,79,5,18242.980000000003,0,High Value
C01108,109,7,15484.210000000001,0,High Value
C01109,275,3,8318.560000000001,2,At Risk
C01110,162,7,29416.36,0,High Value
C01111,13,7,21742.82,0,High Value
C01112,35,3,8183.070000000001,1,Regular
C01113,59,8,19756.71,0,High Value
C01114,138,4,5340.63,1,Regular
C01115,0,8,33677.36,0,High Value
C01116,178,4,4569.110000000001,1,Regular
C01117,370,3,10162.15,2,At Risk
C01118,483,2,5087.37,2,At Risk
C01119,81,7,20187.44,0,High Value
C01120,505,1,6226.85,2,At Risk
C01121,163,3,5771.950000000001,1,Regular
C01122,287,3,17686.65,2,At Risk
C01123,110,8,28792.440000000002,0,High Value
C01124,435,5,25443.24,2,At Risk
C01125,323,6,19901.14,0,High Value
C01126,0,2,10370.390000000001,1,Regular
C01127,109,5,17853.24,0,High Value
C01128,62,3,9127.75,1,Regular
C01129,126,4,8975.65,1,Regular
C01130,19,5,7655.120000000001,1,Regular
C01131,230,5,11723.4,0,High Value
C01132,723,1,5262.45,2,At Risk
C01133,99,5,18040.04,0,High Value
C01134,63,3,6940.51,1,Regular
C01135,12,3,2070.02,1,Regular
C01136,18,5,21976.07,0,High Value
C01137,404,3,6379.9800000000005,2,At Risk
C01138,327,3,13577.36,2,At Risk
C01139,424,4,11909.48,2,At Risk
C01140,6,2,7052.370000000001,1,Regular
C01141,642,2,8387.91,2,At Risk
C01142,9,6,24883.14,0,High Value
C01143,232,2,7977.4400000000005,1,Regular
C01144,99,6,20186.66,0,High Value
C01145,23,3,6632.36,1,Regular
C01146,127,3,14736.5,1,Regular
C01147,56,5,17552.22,0,High Value
C01148,77,5,12660.37,0,High Value
C01149,53,3,12523.380000000001,1,Regular
C01150,444,2,14184.03,2,At Risk
C01151,4,4,14658.33,1,Regular
C01152,193,3,5006.400000000001,1,Regular
C01153,229,2,6278.33,1,Regular
C01154,91,4,8116.91,1,Regular
C01155,174,1,2438.98,3,New/Low Activity
C01156,40,3,6858.34,1,Regular
C01157,34,4,21936.81,0,High Value
C01159,203,6,21214.86,0,High Value
C01160,100,4,16894.33,0,High Value
C01161,24,6,17573.04,0,High Value
C01162,180,3,5077.700000000001,1,Regular
C01163,83,4,14123.11,1,Regular
C01164,191,6,15922.960000000001,0,High Value
C01165,453,1,144.78,3,New/Low Activity
C01166,42,2,12075.76,1,Regular
C01167,583,1,4263.83,2,At Risk
C01168,249,4,13217.970000000001,1,Regular
C01169,13,11,28536.86,0,High Value
C01170,376,2,6409.31,2,At Risk
C01171,109,8,27219.36,0,High Value
C01172,49,7,17673.56,0,High Value
C01173,228,3,10544.640000000001,1,Regular
C01174,549,2,7660.1900000000005,2,At Risk
C01175,56,6,12387.210000000001,0,High Value
C01176,247,7,20083.37,0,High Value
C01177,151,3,9727.87,1,Regular
C01178,28,4,15704.02,0,High Value
C01179,343,3,17186.83,2,At Risk
C01180,1,6,26084.510000000002,0,High Value
C01181,311,3,12467.1,2,At Risk
C01182,118,8,26254.61,0,High Value
C01183,220,3,11177.02,1,Regular
C01184,43,7,28543.870000000003,0,High Value
C01185,81,6,18358.14,0,High Value
C01186,100,3,9845.53,1,Regular
C01187,143,5,13096.67,0,High Value
C01188,20,6,19661.23,0,High Value
C01189,222,8,28596.96,0,High Value
C01190,93,5,27312.29,0,High Value
C01191,20,7,18140.87,0,High Value
C01192,57,6,25497.46,0,High Value
C01193,162,2,3897.86,1,Regular
C01194,5,4,9323.41,1,Regular
C01195,130,5,6040.16,1,Regular
C01196,458,1,872.5899999999999,3,New/Low Activity
C01197,181,5,18891.15,0,High Value
C01198,194,4,12001.800000000001,1,Regular
C01199,56,4,13649.630000000001,1,Regular
C01200,697,1,7268.400000000001,2,At Risk
C01201,125,3,10985.85,1,Regular
C01202,0,8,32861.3,0,High Value
C01203,415,3,6842.070000000001,2,At Risk
C01204,103,5,13745.48,0,High Value
C01205,89,5,22100.15,0,High Value
C01206,264,4,15210.380000000001,1,Regular
C01207,443,3,4417.24,2,At Risk
C01208,287,4,12024.630000000001,2,At Risk
C01209,12,2,7929.02,1,Regular
C01210,61,4,10170.04,1,Regular
C01211,324,4,19964.47,2,At Risk
C01212,260,3,7811.67,2,At Risk
C01213,62,6,14056.68,0,High Value
C01214,327,6,22173.170000000002,0,High Value
C01215,249,9,20970.27,0,High Value
C01216,180,5,21492.81,0,High Value
C01217,238,3,8149.46,1,Regular
C01218,187,1,1575.4299999999998,3,New/Low Activity
C01219,26,4,6304.22,1,Regular
C01220,258,2,4831.4400000000005,2,At Risk
C01221,14,2,6898.47,1,Regular
C01222,3,6,24319.48,0,High Value
C01223,606,1,2208.05,3,New/Low Activity
C01224,136,1,105.97,3,New/Low Activity
C01225,107,4,6570.03,1,Regular
C01226,22,5,11016.69,0,High Value
C01227,254,5,23337.760000000002,0,High Value
C01228,521,1,6952.42,2,At Risk
C01229,104,2,4511.66,1,Regular
C01230,72,6,23960.45,0,High Value
C01231,51,4,11325.67,1,Regular
C01232,109,4,18746.81,0,High Value
C01233,367,3,10890.48,2,At Risk
C01234,28,2,1463.47,3,New/Low Activity
C01235,193,2,8709.52,1,Regular
C01236,20,9,24956.82,0,High Value
C01237,16,3,7817.04,1,Regular
C01238,72,9,28037.6,0,High Value
C01239,358,4,8512.56,2,At Risk
C01240,140,4,8023.4400000000005,1,Regular
C01241,153,3,5450.320000000001,1,Regular
C01242,85,7,22789.55,0,High Value
C01243,34,5,30100.350000000002,0,High Value
C01244,190,3,9341.0,1,Regular
C01245,65,6,16385.31,0,High Value
C01246,29,6,17971.81,0,High Value
C01247,224,5,26244.22,0,High Value
C01248,42,3,7466.31,1,Regular
C01249,93,5,16629.48,0,High Value
C01250,271,4,13457.630000000001,1,Regular
C01251,123,3,3714.3199999999997,1,Regular
C01252,5,4,10496.460000000001,1,Regular
C01253,132,6,13681.119999999999,0,High Value
C01254,332,3,11152.6,2,At Risk
C01255,90,5,12743.94,0,High Value
C01256,82,10,32252.65,0,High Value
C01257,220,4,16124.230000000001,1,Regular
C01258,395,3,5957.67,2,At Risk
C01259,223,3,14662.5,1,Regular
C01260,166,7,39611.770000000004,0,High Value
C01261,181,6,16237.560000000001,0,High Value
C01262,446,3,12406.92,2,At Risk
C01263,80,6,8145.82,0,High Value
C01264,5,5,22060.82,0,High Value
C01265,31,5,19151.84,0,High Value
C01267,269,5,11168.98,1,Regular
C01268,158,1,3927.68,3,New/Low Activity
C01269,232,8,24885.27,0,High Value
C01270,387,2,7515.5,2,At Risk
C01271,61,5,13020.83,0,High Value
C01272,449,4,6618.6,2,At Risk
C01273,250,6,11848.84,0,High Value
C01274,140,3,9819.52,1,Regular
C01275,146,6,22142.91,0,High Value
C01276,4,4,17610.89,0,High Value
C01277,463,1,390.74,3,New/Low Activity
C01278,45,9,39683.520000000004,0,High Value
C01279,210,7,18206.370000000003,0,High Value
C01280,72,6,11932.9,0,High Value
C01281,120,5,16715.12,0,High Value
C01282,98,1,4263.83,3,New/Low Activity
C01283,142,3,4727.450000000001,1,Regular
C01284,44,8,17863.86,0,High Value
C01285,314,4,15999.78,2,At Risk
C01286,139,3,12282.61,1,Regular
C01287,12,4,14787.18,1,Regular
C01288,79,8,10298.3,0,High Value
C01289,145,4,18345.75,0,High Value
C01290,156,4,13981.630000000001,1,Regular
C01291,23,4,13575.92,1,Regular
C01292,187,4,14787.77,1,Regular
C01293,82,3,10877.59,1,Regular
C01294,87,3,5202.62,1,Regular
C01295,319,3,12056.76,2,At Risk
C01296,466,3,12025.84,2,At Risk
C01297,181,4,12328.85,1,Regular
C01298,86,4,12211.150000000001,1,Regular
C01299,35,6,31310.030000000002,0,High Value
C01300,87,6,29571.32,0,High Value
C01301,297,4,15214.06,2,At Risk
C01302,60,6,17652.010000000002,0,High Value
C01303,29,7,21824.84,0,High Value
C01304,8,2,4959.02,1,Regular
C01305,60,6,20221.31,0,High Value
C01306,163,5,13802.210000000001,0,High Value
C01307,136,4,15788.12,1,Regular
C01308,172,4,15184.490000000002,1,Regular
C01309,35,3,11645.300000000001,1,Regular
C01310,215,7,25520.46,0,High Value
C01311,137,7,29018.45,0,High Value
C01312,16,3,16183.42,1,Regular
C01313,194,5,17342.77,0,High Value
C01314,70,8,30199.010000000002,0,High Value
C01315,278,5,19559.65,0,High Value
C01316,402,4,11141.42,2,At Risk
C01317,98,3,11679.86,1,Regular
C01318,65,4,12358.570000000002,1,Regular
C01319,51,2,10632.710000000001,1,Regular
C01320,124,6,10857.09,0,High Value
C01321,7,6,20143.15,0,High Value
C01322,253,3,13391.12,1,Regular
C01323,130,7,19530.37,0,High Value
C01324,299,4,5026.7300000000005,2,At Risk
C01325,200,4,8749.48,1,Regular
C01326,1,5,22404.940000000002,0,High Value
C01327,51,6,16769.23,0,High Value
C01328,284,3,8776.15,2,At Risk
C01329,232,5,14645.560000000001,0,High Value
C01330,653,3,8198.06,2,At Risk
C01331,68,5,19017.850000000002,0,High Value
C01332,154,2,6476.68,1,Regular
C01334,11,7,37317.54,0,High Value
C01335,28,9,37816.270000000004,0,High Value
C01336,112,5,20905.510000000002,0,High Value
C01337,24,6,13384.78,0,High Value
C01338,95,7,19447.35,0,High Value
C01339,146,4,14331.51,1,Regular
C01340,109,3,10164.96,1,Regular
C01341,423,3,10154.01,2,At Risk
C01342,688,1,154.11,3,New/Low Activity
C01343,9,3,6619.370000000001,1,Regular
C01344,90,3,8206.67,1,Regular
C01345,334,4,16081.06,2,At Risk
C01346,83,5,15225.65,0,High Value
C01347,197,5,20378.27,0,High Value
C01348,119,2,4716.79,1,Regular
C01349,580,3,8922.42,2,At Risk
C01350,24,6,22712.36,0,High Value
C01351,108,3,8867.550000000001,1,Regular
C01352,276,1,4444.38,3,New/Low Activity
C01353,54,7,29729.6,0,High Value
C01354,84,1,4497.74,1,Regular
C01355,316,6,15433.01,0,High Value
C01356,158,4,14022.880000000001,1,Regular
C01357,166,3,8495.32,1,Regular
C01358,279,2,5039.91,2,At Risk
C01359,113,6,12763.970000000001,0,High Value
C01360,228,3,6328.79,1,Regular
C01361,170,4,15103.77,1,Regular
C01362,36,5,18569.62,0,High Value
C01363,17,3,13152.560000000001,1,Regular
C01364,114,5,15064.710000000001,0,High Value
C01365,28,5,11123.119999999999,0,High Value
C01366,101,7,26114.72,0,High Value
C01367,62,8,12967.01,0,High Value
C01368,358,3,10586.720000000001,2,At Risk
C01369,87,2,1601.1200000000001,3,New/Low Activity
C01370,135,7,22844.2,0,High Value
C01371,412,3,7586.6900000000005,2,At Risk
C01372,326,3,10828.9,2,At Risk
C01373,207,4,5644.28,1,Regular
C01374,47,4,16464.39,0,High Value
C01375,179,7,31146.0,0,High Value
C01376,209,3,15102.869999999999,1,Regular
C01377,177,5,17139.760000000002,0,High Value
C01378,631,2,11310.15,2,At Risk
C01379,565,3,14214.69,2,At Risk
C01380,20,8,24775.19,0,High Value
C01381,58,4,14297.66,1,Regular
C01382,21,6,12280.84,0,High Value
C01383,16,3,9876.43,1,Regular
C01384,138,5,17066.95,0,High Value
C01385,46,2,1519.83,3,New/Low Activity
C01386,464,1,5181.43,2,At Risk
C01387,12,3,8370.73,1,Regular
C01388,123,3,10424.9,1,Regular
C01389,88,2,5933.17,1,Regular
C01390,92,8,20902.06,0,High Value
C01391,85,3,10868.64,1,Regular
C01392,139,3,11677.16,1,Regular
C01393,98,1,5499.79,1,Regular
C01394,246,3,6384.62,1,Regular
C01395,43,7,24597.37,0,High Value
C01396,13,7,24861.19,0,High Value
C01397,17,2,924.83,3,New/Low Activity
C01398,541,1,1574.4099999999999,3,New/Low Activity
C01399,104,1,3573.79,3,New/Low Activity
C01400,27,6,23603.66,0,High Value
C01401,401,5,16452.09,2,At Risk
C01402,123,3,12515.43,1,Regular
C01403,225,4,4952.12,1,Regular
C01404,112,5,19132.9,0,High Value
C01405,197,4,11323.87,1,Regular
C01406,50,6,20041.64,0,High Value
C01407,341,1,4305.740000000001,3,New/Low Activity
C01408,342,1,2808.96,3,New/Low Activity
C01409,29,5,6167.1900000000005,1,Regular
C01410,185,5,16508.170000000002,0,High Value
C01411,109,5,17893.0,0,High Value
C01412,186,3,7833.93,1,Regular
C01413,216,4,8874.57,1,Regular
C01414,35,5,23334.68,0,High Value
C01415,304,1,4263.83,3,New/Low Activity
C01416,46,4,8330.03,1,Regular
C01417,115,6,18717.53,0,High Value
C01418,44,5,9992.11,0,High Value
C01419,189,4,16563.440000000002,1,Regular
C01420,165,4,17370.36,1,Regular
C01421,405,6,17885.07,2,At Risk
C01422,134,3,5929.93,1,Regular
C01423,61,4,15305.18,1,Regular
C01424,84,7,11613.69,0,High Value
C01426,514,4,12737.78,2,At Risk
C01427,13,9,42842.99,0,High Value
C01428,227,5,20512.65,0,High Value
C01429,6,5,14531.380000000001,0,High Value
C01430,65,2,6698.29,1,Regular
C01431,0,4,17406.33,0,High Value
C01432,86,6,22285.45,0,High Value
C01433,45,5,17357.690000000002,0,High Value
C01434,55,8,28677.65,0,High Value
C01435,319,4,8505.02,2,At Risk
C01436,300,6,20933.82,0,High Value
C01437,21,4,11171.07,1,Regular
C01438,102,8,30964.760000000002,0,High Value
C01439,151,4,11838.32,1,Regular
C01440,180,3,8216.710000000001,1,Regular
C01441,10,5,25058.33,0,High Value
C01442,240,4,14657.210000000001,1,Regular
C01443,169,1,1248.08,3,New/Low Activity
C01444,102,2,10205.29,1,Regular
C01445,240,6,17281.63,0,High Value
C01446,74,6,17436.49,0,High Value
C01447,60,4,11177.91,1,Regular
C01448,62,3,9949.93,1,Regular
C01449,107,3,15783.68,1,Regular
C01450,465,3,13705.650000000001,2,At Risk
C01451,67,4,7531.8,1,Regular
C01452,246,1,89.84,3,New/Low Activity
C01453,43,2,8527.66,1,Regular
C01454,285,3,13062.7,2,At Risk
C01455,116,5,15051.18,0,High Value
C01456,237,5,11954.37,0,High Value
C01457,145,2,4874.9,1,Regular
C01458,78,3,5584.39,1,Regular
C01459,68,5,25607.420000000002,0,High Value
