Customer id,Predicted_LTV,Predicted_Value_Class,Actual_LTV,Actual_Value_Class
C01125,0.0,Low,0.0,Low
C01090,0.0,Low,0.0,Low
C00884,10434.939272021038,High,14108.52,High
C00211,4912.070285397382,Low,2002.98,Low
C00514,7339.925841114873,High,11327.76,High
C00666,0.0,Low,0.0,Low
C00427,0.0,Low,0.0,Low
C00831,0.0,Low,0.0,Low
C00946,2298.549033347842,Low,377.62,Low
C01363,7534.985549444899,High,8361.89,High
C00014,4974.637124210803,High,6164.8,High
C00177,5652.852388093114,High,2469.4900000000002,High
C01327,5204.591528973167,High,4380.77,High
C01008,4359.098428261016,High,1120.01,Low
C01278,6559.021207552336,High,5022.41,High
C01035,10824.098083770052,High,3376.7000000000003,High
C01446,7772.421210503544,High,9690.05,High
C00832,5464.685209115103,High,6087.67,High
C01318,4340.137334395613,High,2784.01,High
C00089,6104.728631682951,High,6103.71,High
C01160,4682.54520269091,High,4516.6,High
C01442,0.0,Low,0.0,Low
C00163,0.0,Low,0.0,Low
C00992,0.0,Low,0.0,Low
C00161,1344.5970171150104,Low,750.3000000000001,Low
C00094,1294.8412781261882,Low,1197.8000000000002,Low
C00309,5389.5220307989,High,4784.21,High
C00686,3077.0689847537474,Low,198.08,Low
C01113,5357.53181805302,High,4263.83,High
C00681,5840.130832258536,High,5133.08,High
C01308,4096.185580175643,High,4263.83,High
C00737,8950.769533066465,High,9309.35,High
C00816,0.0,Low,0.0,Low
C01124,0.0,Low,0.0,Low
C00364,5510.272864656905,High,3749.1899999999996,High
C01256,13479.993328164857,High,18855.260000000002,High
C00415,0.0,Low,0.0,Low
C00041,8850.140605712482,High,9704.4,High
C00330,0.0,Low,0.0,Low
C01334,6729.450721083599,High,4956.56,High
C01012,2996.2803565549066,Low,1627.08,Low
C01370,3883.0389121772396,High,2630.87,High
C01175,6589.121689849813,High,8952.58,High
C00462,5966.092592540566,High,172.39,Low
C01115,7222.135606075725,High,7071.96,High
C00048,0.0,Low,0.0,Low
C01322,0.0,Low,0.0,Low
C00502,0.0,Low,0.0,Low
C01435,0.0,Low,0.0,Low
C00172,8081.550816315142,High,8631.18,High
C00934,0.0,Low,0.0,Low
C00046,8741.616635871811,High,9167.140000000001,High
C01112,2382.645521769243,Low,544.19,Low
C00988,5855.238773255976,High,5070.1900000000005,High
C01288,1313.2078824837604,Low,106.4,Low
C01401,0.0,Low,0.0,Low
C00883,4158.113875452102,High,317.88,Low
C00138,0.0,Low,0.0,Low
C00892,3821.2646886937227,High,5051.02,High
C00121,5641.559272390539,High,4450.75,High
C00091,5935.92440054446,High,6098.05,High
C01034,2959.505816820275,High,3431.1400000000003,High
C00487,11178.938279690708,High,13868.150000000001,High
C00489,4226.376457500461,High,6028.17,High
C01324,0.0,Low,0.0,Low
C00117,0.0,Low,0.0,Low
C00133,0.0,Low,0.0,Low
C00670,3765.3375863354186,High,955.36,Low
C01030,11633.609162241983,High,13565.570000000002,High
C00158,3925.372245370604,High,2192.43,Low
C00148,1811.1066942697068,Low,4263.83,High
C01203,0.0,Low,0.0,Low
C01184,7123.690640813289,High,4814.17,High
C01321,6371.210372414341,High,4815.0,High
C00453,12473.885554090915,High,14166.34,High
C01317,5008.817333224168,High,5373.25,High
C00293,0.0,Low,0.0,Low
C00218,5737.622346108468,High,4948.400000000001,High
C01000,0.0,Low,0.0,Low
C00087,0.0,Low,0.0,Low
C00585,5628.752645628353,High,6599.21,High
C00860,0.0,Low,0.0,Low
C00120,2837.895389468956,Low,181.86,Low
C00159,6671.676328973143,High,4334.92,High
C00773,2793.3891582597576,High,2674.3900000000003,High
C01045,0.0,Low,0.0,Low
C01451,1833.9683148272327,High,2312.36,Low
C01192,14379.870469566116,High,16018.66,High
C00479,0.0,Low,0.0,Low
C01314,7589.858298386999,High,6955.05,High
C00203,10615.945508974852,High,15310.960000000001,High
C00336,7085.274821878636,High,5270.64,High
C00106,1971.6601728644764,Low,1745.9399999999998,Low
C00086,5104.945785548806,High,4263.83,High
C00528,1976.9060798567682,Low,959.8599999999999,Low
C00545,4713.364702741858,High,7034.34,High
C01168,0.0,Low,0.0,Low
C00168,4994.033593811534,High,6064.08,High
C00937,0.0,Low,0.0,Low
C00383,6383.081803255289,High,2827.56,High
C00523,6047.140607695701,High,6841.8,High
C00781,3055.8560545553746,High,8172.650000000001,High
C00943,6964.634337505501,High,6448.650000000001,High
C00125,16969.673991702737,High,19290.99,High
C01271,5426.0920150041065,High,5878.41,High
C01222,13380.586561639408,High,17848.190000000002,High
C01430,5591.170542814522,High,6514.13,High
C00038,1657.3448547253836,Low,1003.14,Low
C00734,2662.5131144151865,High,2530.61,High
C00333,0.0,Low,0.0,Low
C01194,4137.834183457005,High,4455.59,High
C00522,0.0,Low,0.0,Low
C01247,0.0,Low,0.0,Low
C00131,6119.122823317703,High,2603.81,High
C01331,5608.863464788688,High,4792.64,High
C01280,3690.48774399972,High,6106.570000000001,High
C00598,0.0,Low,0.0,Low
C00914,4950.563632000219,High,4263.83,High
C00490,7826.098379389637,High,9102.48,High
C00116,0.0,Low,0.0,Low
C00558,5422.811919644017,High,5097.58,High
C00219,3471.7518961226956,Low,85.51,Low
C00057,7206.76481814897,High,9426.42,High
C01409,1670.5350003507763,Low,5411.05,High
C00004,6116.218216719014,High,4263.83,High
C00769,6552.27724281564,High,6392.26,High
C01372,0.0,Low,0.0,Low
C00142,3482.9395342584794,Low,152.72,Low
C01238,7400.2884566770945,High,1994.2,Low
C00025,0.0,Low,0.0,Low
C00983,7832.545518303645,High,6506.110000000001,High
C01275,6390.9395734062,High,6851.25,High
C00973,4993.279624528379,High,4263.83,High
C00331,2543.7748970121047,High,4263.83,High
C01431,7016.393770676964,High,6824.52,High
C00803,1131.183818616176,Low,461.6,Low
C00147,4933.877628509087,High,4195.31,High
C00492,4617.080007668797,High,2665.39,High
C00126,6973.816825894876,High,8473.2,High
C00683,8883.911070380163,High,9380.04,High
C00431,2754.363064028387,High,4263.83,High
C01355,0.0,Low,0.0,Low
C00448,1866.8071766635053,Low,623.81,Low
C00225,13511.806741235645,High,16020.87,High
C01028,5917.676403935096,High,3720.62,High
C01029,8087.697151664365,High,10619.85,High
C01426,0.0,Low,0.0,Low
C01316,0.0,Low,0.0,Low
C00254,7947.641498034782,High,7519.1,High
C01323,4489.700558827578,High,4263.83,High
C01079,3728.745793271545,High,4459.8,High
C00229,4366.3481053441,High,2617.8,High
C01432,6166.12289383213,High,5956.37,High
C00576,9409.484012715995,High,8724.07,High
C01402,5087.967452294948,High,4353.900000000001,High
C00596,5804.845217615541,High,3706.42,High
C01123,6927.6497108679405,High,7212.22,High
C01043,5442.964805437339,High,6079.139999999999,High
C01395,7043.697156672013,High,5673.64,High
C01161,5220.998217979788,High,4573.89,High
C00863,4428.5839933175985,High,4263.83,High
C00128,0.0,Low,0.0,Low
C00690,3986.7254482742533,Low,973.09,Low
C00547,0.0,Low,0.0,Low
C00667,0.0,Low,0.0,Low
C01195,1972.0745591895293,Low,1119.76,Low
C00731,7296.953391716424,High,8627.480000000001,High
C00571,2708.2680135885107,High,3460.05,High
C00164,0.0,Low,0.0,Low
C01417,3822.8467364699964,High,3044.93,High
C00071,3177.4073467705866,High,3204.19,High
C00586,8614.903768457192,High,8894.25,High
C00940,0.0,Low,0.0,Low
C01069,10579.659094442815,High,13858.48,High
C00604,4892.872304762492,High,4617.4800000000005,High
C01055,5748.685257943239,High,2592.05,High
C00005,539.8846314106977,Low,372.04,Low
C00268,0.0,Low,0.0,Low
C00303,0.0,Low,0.0,Low
C01017,0.0,Low,0.0,Low
C00143,4857.8796389016825,High,4263.83,High
C00373,2347.234157598717,Low,1072.3899999999999,Low
C00620,2298.1720783331957,Low,64.99,Low
C00953,0.0,Low,0.0,Low
C01118,0.0,Low,0.0,Low
C00481,0.0,Low,0.0,Low
C00320,4032.690884175299,Low,1952.0700000000002,Low
C00442,5427.904973721933,High,6347.870000000001,High
C00381,0.0,Low,0.0,Low
C01251,2706.1208351939026,High,3380.94,High
C01428,0.0,Low,0.0,Low
C01052,3621.3704507850443,High,4589.51,High
C00013,8142.561545857998,High,5952.66,High
C01202,10773.264920066486,High,9841.59,High
C01273,0.0,Low,0.0,Low
C00762,2049.917834898287,Low,835.8500000000001,Low
C01361,8105.676547142852,High,1094.1699999999998,Low
C00240,6848.442877410046,High,7745.110000000001,High
C00097,5489.819222581086,High,3612.0099999999998,High
C00028,0.0,Low,0.0,Low
C01031,7257.172688635077,High,7097.320000000001,High
C00656,5009.0070016179125,High,4263.83,High
C01390,9558.438890044372,High,12858.6,High
C00617,7650.808148254113,High,4908.5,High
C00637,0.0,Low,0.0,Low
C01396,7982.233702754444,High,7094.65,High
C00854,7651.78326789341,High,9287.210000000001,High
C00919,3996.5698851994616,High,4304.47,High
C00042,7973.228742752531,High,13539.06,High
C01171,7577.779122791941,High,9897.82,High
C00474,0.0,Low,0.0,Low
C01056,0.0,Low,0.0,Low
C01002,0.0,Low,0.0,Low
C00811,4241.389237062243,High,2226.63,Low
C00512,0.0,Low,0.0,Low
C00210,6675.721629260838,High,7920.4400000000005,High
C00945,4978.127311249398,High,4372.150000000001,High
C01099,5646.879362634191,High,4876.63,High
C00151,0.0,Low,0.0,Low
C01091,3896.022664838526,Low,1886.29,Low
C00960,5669.708169220939,High,7175.99,High
C00674,1401.1997725487613,Low,156.78,Low
C00736,7009.043546573559,High,10843.45,High
C01071,7966.1388687292565,High,8761.57,High
C00220,0.0,Low,0.0,Low
C01187,2828.8412358788787,Low,1283.8899999999999,Low
C00039,1717.094461365369,Low,106.15,Low
C00588,2458.7303752361786,Low,2301.58,Low
C01382,5199.401721456303,High,4504.200000000001,High
C01057,4929.298045058504,High,2633.29,High
C00367,7225.6474295563,High,11484.08,High
C00006,3139.440195088644,High,1857.51,Low
C00208,4964.038326363471,High,6564.46,High
C00090,3954.1364659348014,High,6489.16,High
C01286,7574.305880550191,High,7388.2699999999995,High
C00578,0.0,Low,0.0,Low
C01106,10517.887819022864,High,12326.380000000001,High
C00454,0.0,Low,0.0,Low
C00202,4023.89286888618,High,4978.650000000001,High
C00043,2864.4673317292127,High,692.7,Low
C01046,3109.532287831746,High,5790.16,High
C00559,0.0,Low,0.0,Low
C00776,9814.043788028008,High,10669.800000000001,High
C01257,0.0,Low,0.0,Low
C00242,6450.417096656006,High,9955.65,High
C00360,4435.873832050563,High,3888.25,High
C00611,4758.896505583454,High,4263.83,High
C00349,5708.855061050067,High,5389.19,High
C00515,4665.435879196843,High,3318.0399999999995,High
C00052,5359.254125891502,High,4889.38,High
C01241,3079.7555986701536,High,3960.7200000000003,High
C00423,5066.816024418134,High,2911.69,High
C01229,1051.8769066648838,Low,195.16,Low
C00245,0.0,Low,0.0,Low
C01178,6499.613057547242,High,11339.800000000001,High
C00313,854.6269492594039,Low,155.46,Low
C00409,5042.158206146744,High,4263.83,High
C00964,7515.027467352279,High,11127.74,High
C00865,0.0,Low,0.0,Low
C01242,6718.786882591387,High,5892.490000000001,High
C00575,0.0,Low,0.0,Low
C01419,0.0,Low,0.0,Low
C00562,1751.547646814925,Low,105.51,Low
C00270,7923.0253804057975,High,11928.8,High
C00672,3872.446601217796,Low,852.9,Low
C00966,6501.131884910945,High,7149.139999999999,High
C00967,0.0,Low,0.0,Low
C00956,6172.730278829618,High,3297.5,High
C00078,5607.568578999156,High,4321.65,High
C01086,7787.1338742699545,High,10536.77,High
C00720,0.0,Low,0.0,Low
C00715,0.0,Low,0.0,Low
C00307,4981.983328154495,High,4263.83,High
C01141,0.0,Low,0.0,Low
C01313,0.0,Low,0.0,Low
C00259,1975.6847863297992,Low,448.77000000000004,Low
C00503,5182.734192228496,High,4775.650000000001,High
C00569,0.0,Low,0.0,Low
C00026,0.0,Low,0.0,Low
C00827,0.0,Low,0.0,Low
C00034,0.0,Low,0.0,Low
C00726,7969.237388029541,High,11114.58,High
C01116,1246.6218081263828,Low,968.73,Low
C00894,4075.649955119335,High,6485.110000000001,High
C00222,0.0,Low,0.0,Low
C00931,4163.007857178361,High,4223.299999999999,High
C01269,0.0,Low,0.0,Low
C00020,2898.154273435992,Low,1600.17,Low
C00554,6803.978968990331,High,5971.56,High
C00881,7584.193411683846,High,8280.08,High
C00965,3043.0296558611462,High,3255.2999999999997,High
C00348,1215.160945063043,Low,329.04,Low
C00023,8327.763459126696,High,8655.710000000001,High
C00872,7041.1946119377835,High,8632.61,High
C00074,5293.371627614852,High,4263.83,High
C00437,0.0,Low,0.0,Low
C01255,6195.718777225112,High,7305.700000000001,High
C00327,5541.064971570145,High,661.89,Low
C00708,5231.992745093685,High,2529.06,High
C00411,4803.976025034461,High,4263.83,High
C01198,0.0,Low,0.0,Low
C00312,0.0,Low,0.0,Low
C00971,0.0,Low,0.0,Low
C00156,7296.35233336592,High,3507.4900000000002,High
C00696,0.0,Low,0.0,Low
C01108,8451.586795466992,High,10430.84,High
C01297,3722.829041800454,Low,1940.96,Low
C00702,6633.41749435954,High,10161.54,High
C01084,6725.688306843709,High,4294.51,High
C00810,11845.091381593225,High,20694.87,High
C00501,5564.2345938414055,High,4762.6,High
C01456,0.0,Low,0.0,Low
C01261,3933.4115588964264,High,4263.83,High
C00577,4851.467507544929,High,3469.65,High
C00990,0.0,Low,0.0,Low
C00398,10384.367610048144,High,14018.460000000001,High
C01126,4595.047450148023,High,4263.83,High
C00044,7124.702293692871,High,9644.92,High
C01421,0.0,Low,0.0,Low
C00867,4450.131649172224,High,4263.83,High
C00315,0.0,Low,0.0,Low
C00856,6071.352507286816,High,6311.4400000000005,High
C00169,0.0,Low,0.0,Low
C00216,2863.995517370424,High,2457.45,High
C00732,0.0,Low,0.0,Low
C01279,0.0,Low,0.0,Low
C00535,2852.7611432258086,High,2386.05,High
C00836,7820.7988119502315,High,11302.25,High
C00689,4177.930168482779,Low,31.09,Low
C00053,0.0,Low,0.0,Low
C00230,5750.006219371019,High,7599.27,High
C00610,6020.023988475146,High,4263.83,High
C01232,6585.831386326844,High,4152.55,High
C00895,4364.521261832838,High,4556.24,High
C00906,5459.0925183053005,High,4390.93,High
C00521,0.0,Low,0.0,Low
C00191,2968.973348652979,High,3011.48,High
C00975,3870.4697117816067,High,2997.3300000000004,High
C00050,9875.415554310543,High,11831.51,High
C00678,6403.000307467472,High,7839.47,High
C00926,5437.9027527497265,High,4653.1900000000005,High
C00350,0.0,Low,0.0,Low
C01245,5639.998590819633,High,2956.34,High
C01219,1603.9184062593815,Low,309.23,Low
C01329,0.0,Low,0.0,Low
C01270,0.0,Low,0.0,Low
C01455,3844.6260330225377,High,2471.37,High
C01248,2236.9870704022214,Low,1474.48,Low
C01263,2689.813583957821,High,2393.11,High
C00265,4854.615119802716,Low,1165.78,Low
C00457,3596.582595548052,High,4764.67,High
C00846,7712.853450750762,High,9877.08,High
C00594,2609.676919320526,High,3647.5799999999995,High
C00862,3507.265739614631,Low,2930.7599999999998,High
C00001,0.0,Low,0.0,Low
C01427,14130.182190445474,High,16682.7,High
C01307,10798.306048690467,High,12235.23,High
C00413,4708.376920590166,High,3675.9900000000002,High
C00582,5463.195371260234,High,5718.25,High
C00654,5405.984151623209,High,5583.35,High
C01152,0.0,Low,0.0,Low
C00830,3184.5299825943325,High,2974.35,High
C00040,5844.2890926621285,High,4154.1900000000005,High
C00281,4795.262397696845,High,4279.570000000001,High
C00076,0.0,Low,0.0,Low
C00199,0.0,Low,0.0,Low
C00166,6382.429590170093,High,9472.96,High
C01074,4546.379923420731,High,2718.05,High
C00782,7143.018845702196,High,7062.110000000001,High
C00408,0.0,Low,0.0,Low
C01298,4831.331759976108,High,1839.88,Low
C00787,5409.661812197913,High,7251.3,High
C00901,0.0,Low,0.0,Low
C00835,4867.782892844543,High,4372.400000000001,High
C01172,4923.448144990004,High,5113.799999999999,High
C00556,2587.5493710108376,Low,1020.02,Low
C00085,0.0,Low,0.0,Low
C01073,0.0,Low,0.0,Low
C01136,11311.568901458124,High,13215.83,High
C00506,3333.5267699901437,Low,245.96,Low
C01032,4558.726604891605,High,3855.21,High
C00192,7982.318837066252,High,11344.01,High
C00713,8142.780187534558,High,7366.0,High
C01023,3895.2348968902,Low,936.86,Low
C01148,5616.06199353388,High,6333.34,High
C01240,2033.396999183317,Low,1854.27,Low
C00371,5755.633714675682,High,6939.85,High
C01259,0.0,Low,0.0,Low
C00171,4561.2616837273135,High,4835.650000000001,High
C00717,0.0,Low,0.0,Low
C00638,4624.023903742657,High,6595.52,High
C00685,3022.9655005481122,High,3240.9399999999996,High
C01207,0.0,Low,0.0,Low
C01380,3627.468444105462,Low,750.95,Low
C00021,6384.656647543872,High,411.91999999999996,Low
C00580,3056.4954472368026,High,2485.45,High
C01337,6341.7335515701025,High,9902.08,High
C00574,6345.902803395094,High,7346.3,High
C00793,3261.8502338131643,High,3078.4,High
C01368,0.0,Low,0.0,Low
C01176,0.0,Low,0.0,Low
C01406,5415.856913292507,High,4612.9800000000005,High
C01013,4381.696345858477,High,4629.31,High
C01328,0.0,Low,0.0,Low
C01150,0.0,Low,0.0,Low
C00655,4183.012459257243,High,3153.96,High
C00325,4787.368946860576,High,5031.35,High
C01375,6932.254446962912,High,6512.39,High
C01450,0.0,Low,0.0,Low
C01394,0.0,Low,0.0,Low
C01157,6662.321744428386,High,4342.4800000000005,High
C00904,3240.5024598797486,High,320.44,Low
C01189,0.0,Low,0.0,Low
C01310,0.0,Low,0.0,Low
C00952,2974.055270745427,Low,1316.92,Low
C00909,1628.5926120701126,Low,645.3299999999999,Low
C00157,3018.063167185013,High,2664.1800000000003,High
C01105,4069.0056067152,High,298.48,Low
C00030,4456.2762883607975,High,3252.9100000000003,High
C00231,4160.967660712258,High,4444.49,High
C01104,10193.373967085938,High,13090.09,High
C00874,6036.852046421516,High,3518.42,High
C01058,4974.506018785634,High,2907.8199999999997,High
C00007,0.0,Low,0.0,Low
C00469,0.0,Low,0.0,Low
C00235,5197.279007025592,High,3570.29,High
C00636,5023.571073806782,High,6434.46,High
C01459,9757.873805483525,High,9963.69,High
C00572,1802.9204375905235,Low,1581.24,Low
C01193,1112.8036549914932,Low,597.66,Low
C00346,7803.491127846128,High,4263.83,High
C00799,0.0,Low,0.0,Low
C01164,0.0,Low,0.0,Low
C00324,5365.9888682038,High,6127.6,High
C01350,9826.726875939878,High,12262.720000000001,High
C01414,10708.912265730789,High,11285.16,High
C00910,5740.947340179367,High,4140.61,High
C01144,7547.888386394235,High,10751.89,High
C00882,8437.085904964893,High,12185.11,High
C01236,6739.224092023555,High,5389.97,High
C00608,5779.293394763065,High,5770.32,High
C00263,5284.575361847379,High,4263.83,High
C00723,14384.166133861712,High,17567.29,High
C00705,5812.54904932681,High,3131.46,High
C00460,5515.526199187604,High,3046.84,High
C01260,7816.950408696783,High,8290.41,High
C00435,0.0,Low,0.0,Low
C00432,0.0,Low,0.0,Low
C01177,1915.484960801418,Low,926.5899999999999,Low
C01346,4475.941822373934,High,3143.38,High
C00294,0.0,Low,0.0,Low
C00822,0.0,Low,0.0,Low
C00060,5983.184868574633,High,5750.1900000000005,High
C00084,8974.703114325233,High,6757.95,High
C00631,4362.895704604099,High,4330.53,High
C00797,6833.163405234901,High,3361.28,High
C00410,4278.12855814533,High,759.23,Low
C00361,5126.473207569509,High,4263.83,High
C00266,3375.346820122941,High,5437.32,High
C00671,7500.216826910661,High,7489.32,High
C00538,6685.293740738249,High,7172.030000000001,High
C01166,6894.5897075487455,High,7506.8,High
C01384,5232.775797505936,High,5205.61,High
C00316,521.3113029367623,Low,57.09,Low
C01033,0.0,Low,0.0,Low
C00838,9764.488920002163,High,10417.36,High
C01454,0.0,Low,0.0,Low
C01385,1166.739299180427,Low,1324.67,Low
C00849,6102.911253810308,High,5191.96,High
C00925,8070.179779680279,High,8543.24,High
C00573,7827.29974584435,High,7883.46,High
C00733,5292.386789431775,High,4263.83,High
C00716,6313.489403737368,High,6995.460000000001,High
C01264,8833.166226882224,High,6515.82,High
C01100,0.0,Low,0.0,Low
C00206,6792.613772013548,High,6221.29,High
C01226,3994.7759809255726,Low,2155.65,Low
C00601,4810.60932895458,High,7854.26,High
C00870,2796.2221945198703,Low,4921.39,High
C00209,0.0,Low,0.0,Low
C00930,5877.118616880657,High,6629.0,High
C00493,6861.880964616928,High,6464.629999999999,High
C00464,0.0,Low,0.0,Low
C00927,3425.5526636128525,High,3438.66,High
C00174,4025.435872860197,High,2384.46,High
C01101,3309.8696300387046,Low,2035.33,Low
C00305,5689.384342482975,High,6453.1,High
C00639,3504.642059714305,High,4263.83,High
C00921,5905.896163974869,High,6551.62,High
C00369,0.0,Low,0.0,Low
C00306,0.0,Low,0.0,Low
C01191,3258.931159086706,Low,2117.68,Low
C00595,0.0,Low,0.0,Low
C01180,10439.527458220713,High,88.11,Low
C01397,743.4049012286247,Low,340.61,Low
C00951,5169.3833032899065,High,6744.98,High
C00051,2797.8820012520014,High,2721.09,High
C00645,0.0,Low,0.0,Low
C00632,5995.6018929769725,High,6820.9,High
C01111,9007.882538976019,High,10085.13,High
C00651,4152.0075841477465,High,3261.44,High
C00807,7090.101916240822,High,7423.35,High
C01130,1210.9308240799471,Low,31.09,Low
C00124,3705.117897627902,Low,1639.7,Low
C00104,0.0,Low,0.0,Low
C00844,3474.49298472693,High,4764.47,High
C01418,2194.1814846106167,Low,1353.44,Low
C00112,0.0,Low,0.0,Low
C01159,0.0,Low,0.0,Low
C01066,6070.192099845555,High,6527.68,High
C00801,4983.78374018804,High,1837.92,Low
C00198,0.0,Low,0.0,Low
C00355,0.0,Low,0.0,Low
C01197,5471.1259745307125,High,5556.84,High
C01335,10449.713188413625,High,9455.6,High
C00976,12095.395563715945,High,15378.67,High
C00948,5395.975473249226,High,4372.6,High
C00802,0.0,Low,0.0,Low
C00232,2492.1883829371523,Low,501.54999999999995,Low
C01345,0.0,Low,0.0,Low
C00986,4942.430228394695,High,555.9100000000001,Low
C01231,4393.723297826242,High,4690.320000000001,High
C01040,4133.590732476125,High,1832.19,Low
C01021,3677.4887600335123,High,4263.83,High
C00665,4702.498627615186,High,4896.09,High
C00018,7680.754232632807,High,5329.18,High
C01305,7950.129134449897,High,13311.04,High
C00010,10355.095714676409,High,13318.210000000001,High
C00519,2046.0565405804123,Low,962.98,Low
C01162,2224.717230746106,Low,1166.16,Low
C00504,0.0,Low,0.0,Low
C00289,5278.723596772878,High,3551.91,High
C00679,0.0,Low,0.0,Low
C01433,4559.6615654496945,High,1170.91,Low
C00228,5515.738901052729,High,6642.18,High
C00291,0.0,Low,0.0,Low
C01213,6055.263191786997,High,7823.93,High
C00037,9862.077293826187,High,11605.53,High
C00779,6137.820815875068,High,5274.71,High
C00188,0.0,Low,0.0,Low
C00425,11228.502660113703,High,16201.17,High
C00653,5971.99289199537,High,7599.7,High
C00494,5721.818235847019,High,4263.83,High
C01169,5978.958781755068,High,4868.76,High
C00851,9403.004833014269,High,10837.28,High
C00095,5712.019582697251,High,6529.67,High
C00529,0.0,Low,0.0,Low
C00363,6082.481215909307,High,6225.299999999999,High
C01292,0.0,Low,0.0,Low
C01093,4013.4957680401985,High,4640.77,High
C00382,0.0,Low,0.0,Low
C01311,7411.99557560546,High,7218.71,High
C00140,0.0,Low,0.0,Low
C00612,5223.580350579086,High,3835.47,High
C00282,7563.104563957642,High,9159.03,High
C01254,0.0,Low,0.0,Low
C00359,0.0,Low,0.0,Low
C00326,7917.371676577005,High,7681.28,High
C00993,2001.2242766925667,Low,1316.01,Low
C00886,0.0,Low,0.0,Low
C01020,1248.5273436066716,Low,1923.0,Low
C00944,8838.129953332138,High,3196.11,High
C00912,6124.235400949161,High,3848.69,High
C00980,4111.2403853662745,High,4263.83,High
C00897,0.0,Low,0.0,Low
C00641,0.0,Low,0.0,Low
C01230,9847.80385560022,High,4397.76,High
C00352,4674.606750447481,High,2526.7,High
C00820,7292.648695757962,High,8527.66,High
C00739,0.0,Low,0.0,Low
C00728,5925.7978710249845,High,235.04,Low
C00421,715.4083185979223,Low,504.8,Low
C01087,0.0,Low,0.0,Low
C00613,0.0,Low,0.0,Low
C01295,0.0,Low,0.0,Low
C01121,1573.0189498451819,Low,572.13,Low
C00418,0.0,Low,0.0,Low
C01059,0.0,Low,0.0,Low
C01391,6879.752675444445,High,10868.64,High
C00540,0.0,Low,0.0,Low
C00173,0.0,Low,0.0,Low
C01151,5002.852648414729,High,3684.84,High
C00237,3543.9868588662175,Low,1961.47,Low
C00643,4886.5861432251,High,4263.83,High
C00205,936.9030297095285,Low,213.92000000000002,Low
C00568,5939.270195567582,High,5132.6,High
C00008,7683.86905285423,High,9519.81,High
C00081,0.0,Low,0.0,Low
C01068,0.0,Low,0.0,Low
C00902,0.0,Low,0.0,Low
C00461,9304.944321314852,High,10406.31,High
C00532,3437.1171583098785,Low,477.1,Low
C00772,4294.886315695315,High,4263.83,High
C01312,8072.369117127391,High,8920.06,High
C00284,0.0,Low,0.0,Low
C00036,5255.451423684235,High,4062.9300000000003,High
C00819,5864.869182218765,High,8437.44,High
C00775,0.0,Low,0.0,Low
C00356,5040.512344820343,High,3073.35,High
C01365,4436.507461304072,High,107.0,Low
C01383,2456.1191854143876,Low,784.35,Low
C00257,1715.153366936134,Low,848.8499999999999,Low
C01250,0.0,Low,0.0,Low
C00080,0.0,Low,0.0,Low
C00434,7826.169311667261,High,6602.33,High
C00107,6761.242662544798,High,9088.56,High
C00878,0.0,Low,0.0,Low
C00513,0.0,Low,0.0,Low
C00544,5064.4274714620415,High,6110.65,High
C01303,8415.517014899027,High,10896.220000000001,High
C00286,6295.5629358627475,High,7810.4800000000005,High
C00139,4949.850197639979,High,1004.1299999999999,Low
C01252,2821.717801128436,Low,406.42,Low
C00618,6486.182224258987,High,7339.01,High
C00628,0.0,Low,0.0,Low
C00527,4918.503814627631,High,5987.93,High
C01438,8683.785497852066,High,10432.75,High
C01049,5214.999408862079,High,2265.9,Low
C01429,7244.328302484788,High,9736.84,High
C01388,5930.114271918825,High,7287.660000000001,High
C00616,0.0,Low,0.0,Low
C01253,5152.403714125781,High,6182.030000000001,High
C00075,8458.553826316935,High,4263.83,High
C00397,6337.255942145734,High,8318.300000000001,High
C00446,0.0,Low,0.0,Low
C01185,5583.353080090023,High,6455.65,High
C00875,0.0,Low,0.0,Low
C01122,0.0,Low,0.0,Low
C00385,2449.569550194568,High,2294.08,Low
C00274,0.0,Low,0.0,Low
C01439,2838.356408153071,High,4263.83,High
C00825,8093.052008691284,High,7252.35,High
C01186,1632.8442070567637,Low,497.22,Low
C01064,11068.293135361237,High,11171.24,High
C00996,3359.940495713256,High,4654.7300000000005,High
C00624,8627.44646047712,High,9812.900000000001,High
C00194,7537.3943159676855,High,8364.31,High
C01366,5380.00778289286,High,5011.54,High
C00703,2784.980326025252,High,5123.25,High
C00003,4712.540163159041,High,4263.83,High
C00929,3103.152509185253,High,3520.83,High
C00341,9284.810393424172,High,9802.12,High
C01284,3537.720631748546,Low,1624.57,Low
C00067,15160.970004186724,High,19616.73,High
C00518,8798.60390435457,High,7406.47,High
C01373,0.0,Low,0.0,Low
C01300,8124.027908296598,High,7434.950000000001,High
C00749,18349.421672916902,High,21765.16,High
C01377,4267.732437117579,High,4794.900000000001,High
C01196,0.0,Low,0.0,Low
C00833,3400.5247987358216,High,4263.83,High
C01243,12473.879656679135,High,8134.57,High
C00747,7591.92276935328,High,6422.3,High
C00634,9959.739812060898,High,8508.76,High
C00150,5422.814963111661,High,8512.710000000001,High
C01267,0.0,Low,0.0,Low
C00227,1784.0503972788576,Low,1030.23,Low
C00175,5873.822108689277,High,4263.83,High
C01089,0.0,Low,0.0,Low
C01173,0.0,Low,0.0,Low
C01048,0.0,Low,0.0,Low
C00443,2676.99248469987,Low,2191.7799999999997,Low
C01423,10957.009053117998,High,13065.6,High
C00877,2337.3063504653323,Low,1046.92,Low
C00824,0.0,Low,0.0,Low
C00473,4564.707562711594,High,4372.46,High
C00517,0.0,Low,0.0,Low
C01444,4295.617150228552,High,4263.83,High
C01289,5366.182814495731,High,3304.63,High
C00766,7349.281408784128,High,5009.36,High
C01411,4924.6163957255185,High,4263.83,High
C00742,0.0,Low,0.0,Low
C00378,5526.050462745683,High,5990.24,High
C01281,4167.538644387192,High,3010.9700000000003,High
C01208,0.0,Low,0.0,Low
C01276,6549.330552799157,High,4562.87,High
C00591,0.0,Low,0.0,Low
C00353,5588.84415183237,High,4694.11,High
C00920,5509.366025663006,High,4452.9800000000005,High
C01359,4786.60894488864,High,375.86,Low
C01225,2251.9257533937275,High,2717.73,High
C00950,5988.952511302907,High,9473.68,High
C00729,0.0,Low,0.0,Low
C01170,0.0,Low,0.0,Low
C00509,2500.443103891325,Low,2080.91,Low
C01163,5394.209551119745,High,6263.7300000000005,High
C00351,3148.558575219913,Low,1642.4499999999998,Low
C00354,0.0,Low,0.0,Low
C00498,3611.4690612912814,High,5136.17,High
C00012,6886.410532055509,High,6604.35,High
C01016,3696.076291120295,High,4263.83,High
C00550,2827.0976956659497,High,4263.83,High
C00625,0.0,Low,0.0,Low
C00152,8851.005854330548,High,8905.46,High
C00768,6663.136392118762,High,10364.75,High
C00343,5805.189876043881,High,3373.35,High
C00738,1613.2939246336618,Low,496.65,Low
C01358,0.0,Low,0.0,Low
C00239,5903.204904043674,High,7176.3,High
C00310,2746.3580075047767,Low,1005.46,Low
C00420,0.0,Low,0.0,Low
C01085,4765.258749217509,High,9522.19,High
C01133,7247.086796718496,High,9016.58,High
C00533,5271.956737437789,High,4557.39,High
C01235,0.0,Low,0.0,Low
C01004,0.0,Low,0.0,Low
C00947,0.0,Low,0.0,Low
C01302,4418.770711386543,High,2551.15,High
C00470,7669.135527365713,High,11109.21,High
C00255,0.0,Low,0.0,Low
C01410,0.0,Low,0.0,Low
C01070,0.0,Low,0.0,Low
C01354,4291.818442576414,High,4497.74,High
C00031,2860.1846184728156,Low,624.13,Low
C00718,4510.325026682012,High,4682.6900000000005,High
C00500,0.0,Low,0.0,Low
C00744,4443.605713584362,High,974.67,Low
C00226,2761.406441599132,Low,15.7,Low
C01103,6628.335372634785,High,4263.83,High
C00722,7665.222321526637,High,9400.75,High
C01082,8947.875417598443,High,5546.4800000000005,High
C00630,3803.9033113510027,High,5850.33,High
C00180,5216.678544704961,High,7019.27,High
C01005,6558.450934452117,High,4529.78,High
C00438,4006.773210460989,High,6016.6,High
C00441,5948.2599148596455,High,8029.51,High
C00277,3376.5714076839627,High,4635.9400000000005,High
C01109,0.0,Low,0.0,Low
C00735,4396.359261914313,High,6292.860000000001,High
C01061,2727.5874749876534,Low,1644.71,Low
C00297,0.0,Low,0.0,Low
C00295,0.0,Low,0.0,Low
C01204,4226.122439087503,High,4052.2200000000003,High
C00491,0.0,Low,0.0,Low
C00334,3470.8582415944347,High,4263.83,High
C01119,5221.11852236214,High,3843.97,High
C00552,0.0,Low,0.0,Low
C00181,7859.178799442351,High,10623.28,High
C00834,0.0,Low,0.0,Low
C01376,0.0,Low,0.0,Low
C01063,4858.788089091903,High,6210.7,High
C00629,0.0,Low,0.0,Low
C00841,0.0,Low,0.0,Low
C00622,4238.464010689043,Low,263.68,Low
C00419,0.0,Low,0.0,Low
C00267,7591.8730675034885,High,6567.66,High
C01413,0.0,Low,0.0,Low
C01453,4354.757722156089,High,4263.83,High
C00508,0.0,Low,0.0,Low
C01110,3878.2726508985493,Low,2156.96,Low
C00436,4311.019141777673,High,2731.8300000000004,High
C01011,0.0,Low,0.0,Low
C00687,0.0,Low,0.0,Low
C00262,0.0,Low,0.0,Low
C00422,0.0,Low,0.0,Low
C00252,0.0,Low,0.0,Low
C00375,6607.686246817962,High,8134.6,High
C00974,0.0,Low,0.0,Low
C00055,0.0,Low,0.0,Low
C00520,0.0,Low,0.0,Low
C00144,0.0,Low,0.0,Low
C00805,0.0,Low,0.0,Low
C00332,8590.125458251961,High,7266.52,High
C00669,0.0,Low,0.0,Low
C00888,3944.159794855121,High,3264.47,High
C01416,2449.08974223245,Low,534.91,Low
C00543,6748.790198783955,High,8513.98,High
C00056,0.0,Low,0.0,Low
C00193,2398.6136533356625,High,2597.4,High
C00663,0.0,Low,0.0,Low
C01353,7972.82457071089,High,5563.21,High
C01143,0.0,Low,0.0,Low
C00537,9511.078786541051,High,5130.33,High
C01014,4684.281657698312,High,4263.83,High
C00478,8343.656927570772,High,10135.97,High
C01102,0.0,Low,0.0,Low
C00711,11448.695607367183,High,16143.43,High
C01422,1824.730162672918,Low,1576.51,Low
C00991,6378.899442529288,High,3284.27,High
C00688,4084.5669511865867,High,3268.02,High
C01188,4777.9664953394795,High,5880.860000000001,High
C00804,3300.311694607181,High,4954.22,High
C00261,1177.9800832449096,Low,112.2,Low
C00162,9002.36234382578,High,7690.950000000001,High
C00725,0.0,Low,0.0,Low
C00077,1391.5101438627398,Low,922.67,Low
C00029,10189.259109017205,High,11967.69,High
C01320,3437.046160525601,Low,2559.2999999999997,High
C01062,1697.738951425482,Low,285.27,Low
C00743,0.0,Low,0.0,Low
C00318,4898.090846885754,High,7807.3099999999995,High
C00765,7969.928541334349,High,10766.0,High
C00377,0.0,Low,0.0,Low
C00314,0.0,Low,0.0,Low
C01072,7885.534833628959,High,7378.22,High
C00109,0.0,Low,0.0,Low
C00584,5308.2958362058225,High,3367.02,High
C01233,0.0,Low,0.0,Low
C01018,2601.4484952224807,Low,495.13,Low
C01371,0.0,Low,0.0,Low
C00815,5022.891669352597,High,4550.4,High
C00444,4877.759884425392,High,4961.55,High
C00998,0.0,Low,0.0,Low
C00510,0.0,Low,0.0,Low
C01214,0.0,Low,0.0,Low
C00938,4885.482426577244,High,6838.21,High
C00549,4162.752219318805,High,4725.84,High
C01330,0.0,Low,0.0,Low
C00770,7566.435148357656,High,7997.4800000000005,High
C01127,6438.045190340225,High,9150.98,High
C00290,5864.872422412337,High,5231.2,High
C01445,0.0,Low,0.0,Low
C00486,1906.28179701381,Low,3257.98,High
C00823,4626.395866342285,High,2880.16,High
C00845,0.0,Low,0.0,Low
C00879,4222.670519565481,Low,531.07,Low
C01183,0.0,Low,0.0,Low
C01037,3599.801092539043,High,1622.02,Low
C00979,6185.240861367584,High,4771.2,High
C01424,3004.2256902532913,Low,2146.41,Low
C01182,5100.653406335467,High,4300.67,High
C00103,0.0,Low,0.0,Low
C00401,0.0,Low,0.0,Low
C01338,5519.804474080048,High,5024.35,High
C01076,2943.319185143197,High,5325.75,High
C00165,1363.2431420586688,Low,694.76,Low
C00132,5733.8525869249,High,4263.83,High
C01283,2483.6929615291965,High,2875.51,High
C00942,0.0,Low,0.0,Low
C00644,0.0,Low,0.0,Low
C00204,3829.41272454144,High,3517.63,High
C00380,3079.0338745951135,Low,315.47,Low
C00987,13197.649454763125,High,15247.960000000001,High
C00233,3546.1958863095347,High,4263.83,High
C01325,0.0,Low,0.0,Low
C00561,2366.927028790757,High,2633.29,High
C00201,0.0,Low,0.0,Low
C00424,6429.089880775692,High,7745.99,High
C00857,3484.2014140156134,Low,999.23,Low
C00597,0.0,Low,0.0,Low
C01332,3622.543523987626,High,4746.07,High
C00658,0.0,Low,0.0,Low
C00114,5722.5603316279585,High,6490.3,High
C00387,0.0,Low,0.0,Low
C00767,4695.863032767577,High,4263.83,High
C00426,9382.727417255514,High,13481.6,High
C00790,5465.291517697567,High,8877.9,High
C01367,5660.606152868692,High,5753.58,High
C00563,0.0,Low,0.0,Low
C00224,3511.2450540464615,High,6808.530000000001,High
C00876,986.1073190771036,Low,217.96,Low
C00155,3894.506262833646,High,4720.9400000000005,High
C01272,0.0,Low,0.0,Low
C01246,6597.503370940344,High,10761.880000000001,High
C00061,2808.1891327261424,High,3712.6099999999997,High
C01190,6006.368432478903,High,4263.83,High
C00567,5740.689144225591,High,4263.83,High
C00900,0.0,Low,0.0,Low
C00146,0.0,Low,0.0,Low
C01003,5465.691581585892,High,5854.39,High
C00648,0.0,Low,0.0,Low
C00236,3575.51123635974,High,5028.67,High
C00196,0.0,Low,0.0,Low
C00058,0.0,Low,0.0,Low
C00932,0.0,Low,0.0,Low
C01047,0.0,Low,0.0,Low
C00186,0.0,Low,0.0,Low
C00068,7145.192861550013,High,6222.51,High
C01044,7314.168275935708,High,11474.84,High
C00016,3037.2104326181784,High,354.54,Low
C00516,4412.749084655316,High,6627.59,High
C00066,0.0,Low,0.0,Low
C01095,10068.774894329723,High,12043.64,High
C00285,5207.175098742782,High,4684.11,High
C00160,0.0,Low,0.0,Low
C01392,4307.39643366967,High,6538.0199999999995,High
C00301,6755.625832024445,High,7008.99,High
C01027,0.0,Low,0.0,Low
C00673,5597.31374366112,High,4387.25,High
C00548,3717.6155521203564,Low,1900.1,Low
C00221,5650.891007123869,High,7334.26,High
C00433,2801.4894651412724,Low,7693.27,High
C00477,0.0,Low,0.0,Low
C00843,5407.805978386681,High,6249.39,High
C00700,0.0,Low,0.0,Low
C00758,5848.192002942304,High,3307.55,High
C00396,0.0,Low,0.0,Low
C00928,0.0,Low,0.0,Low
C00745,3110.53767728962,High,3039.13,High
C00778,7445.036129693807,High,12335.07,High
C00019,0.0,Low,0.0,Low
C01265,7354.337864633342,High,8919.78,High
C00842,0.0,Low,0.0,Low
C00680,6930.440469073513,High,4263.83,High
C01054,0.0,Low,0.0,Low
C00977,0.0,Low,0.0,Low
C00368,4479.182846300221,High,2789.2999999999997,High
C01287,5383.483774918103,High,2617.54,High
C00740,0.0,Low,0.0,Low
C00935,0.0,Low,0.0,Low
C00640,0.0,Low,0.0,Low
C00482,7237.653766880302,High,7819.43,High
C00323,4555.273658101745,Low,338.26,Low
C00335,1438.3686709619349,Low,427.02,Low
C00447,0.0,Low,0.0,Low
C00135,0.0,Low,0.0,Low
C00756,0.0,Low,0.0,Low
C00108,0.0,Low,0.0,Low
C01135,1245.2124818136358,Low,1336.33,Low
C01216,7426.657283750996,High,4753.7699999999995,High
C01381,5760.725479181652,High,4458.99,High
C00365,0.0,Low,0.0,Low
C01107,6401.330858562473,High,8993.640000000001,High
C00570,0.0,Low,0.0,Low
C00099,0.0,Low,0.0,Low
C00223,9051.673054153991,High,11243.62,High
C00017,0.0,Low,0.0,Low
C01258,0.0,Low,0.0,Low
C01282,4549.253950645682,High,4263.83,High
C01362,4821.823017237105,High,2770.77,High
C00399,4981.603519894643,High,6841.88,High
C00100,4301.33799730332,High,2865.35,High
C00213,4339.497712550537,High,4263.83,High
C00961,4602.907478261551,High,2690.1,High
C00011,6005.48259076329,High,4263.83,High
C00083,3669.74414329249,High,2942.4900000000002,High
C00499,735.1589080613751,Low,211.32,Low
C00445,4872.055180803037,High,4213.6,High
C00887,0.0,Low,0.0,Low
C00858,3867.2924324021956,High,3865.71,High
C00511,4225.55692254713,High,4426.85,High
C00468,0.0,Low,0.0,Low
C00955,5849.847239570753,High,7076.16,High
C00714,0.0,Low,0.0,Low
C01053,1364.590042725829,Low,618.4,Low
C00657,3089.4550148059498,Low,2272.84,Low
C00899,3189.467322640522,High,3201.25,High
C00531,0.0,Low,0.0,Low
C00627,5691.710066832473,High,7901.820000000001,High
C00848,5341.895938246058,High,1951.0100000000002,Low
C01405,0.0,Low,0.0,Low
C00386,4091.456434661328,High,6066.66,High
C00300,5766.312346906048,High,7362.84,High
C00682,0.0,Low,0.0,Low
C01131,0.0,Low,0.0,Low
C00760,0.0,Low,0.0,Low
C01356,6143.918933345436,High,7985.91,High
C01117,0.0,Low,0.0,Low
C01437,2931.3130516989977,Low,347.52,Low
C01440,3217.324646999378,High,3246.4500000000003,High
C01217,0.0,Low,0.0,Low
C00105,0.0,Low,0.0,Low
C00022,0.0,Low,0.0,Low
C00247,6876.293741159176,High,8725.74,High
C00400,4379.714037154975,High,4861.39,High
C00970,8320.746199958397,High,9868.03,High
C01181,0.0,Low,0.0,Low
C00752,8803.683147339714,High,8278.26,High
C00439,4331.58900851867,High,4843.150000000001,High
C00129,3471.822316770298,Low,2061.73,Low
C01156,4642.902224745102,High,6556.24,High
C00621,4608.828234687378,High,4231.63,High
C00662,0.0,Low,0.0,Low
C00565,0.0,Low,0.0,Low
C01042,0.0,Low,0.0,Low
C00896,0.0,Low,0.0,Low
C01215,0.0,Low,0.0,Low
C00033,15238.833123862198,High,17027.0,High
C01019,0.0,Low,0.0,Low
C00283,0.0,Low,0.0,Low
C01340,5770.639701182796,High,5827.25,High
C00903,7646.382131502339,High,7567.7300000000005,High
C00249,5890.4826966047085,High,5594.96,High
C00215,4979.258369960235,High,4794.400000000001,High
C00064,5776.6929250113735,High,5897.43,High
C00407,0.0,Low,0.0,Low
C01387,2856.96982805618,Low,1862.67,Low
C00959,0.0,Low,0.0,Low
C00659,2096.0583088025064,Low,144.94,Low
C00428,0.0,Low,0.0,Low
C00241,3928.2376919047792,Low,679.45,Low
C00137,8512.652865964486,High,10945.32,High
C00985,8315.160502656432,High,8500.060000000001,High
C00809,4626.794668669092,High,4238.08,High
C00614,4856.695765038432,High,4782.85,High
C00915,2363.7903810734138,Low,947.8,Low
C01009,3851.3311090687507,High,2250.2,Low
C00496,4715.239475496567,High,10391.57,High
C00746,0.0,Low,0.0,Low
C00727,3403.7035488999627,High,2474.6,High
C00868,8032.134706269192,High,8825.2,High
C00853,3396.7951396279987,High,4263.83,High
C00337,0.0,Low,0.0,Low
C00395,5121.488198944503,High,7989.360000000001,High
C00480,7659.029914685749,High,7635.4,High
C00416,7443.358725495832,High,9599.51,High
C00176,4245.086669277196,High,4256.0,High
C00472,0.0,Low,0.0,Low
C00969,6378.006329673218,High,7682.639999999999,High
C00524,11708.111693106994,High,13386.970000000001,High
C00962,0.0,Low,0.0,Low
C00546,0.0,Low,0.0,Low
C01420,7170.481070474846,High,8831.9,High
C01025,7980.746883285786,High,8852.59,High
C00384,6761.353802458544,High,11067.880000000001,High
C00389,2045.4448317622719,Low,997.5,Low
C01379,0.0,Low,0.0,Low
C00864,1805.7953132456632,Low,299.04,Low
C01249,4371.0604384165035,High,265.28,Low
C01296,0.0,Low,0.0,Low
C00260,9901.566191916718,High,9615.55,High
C00430,4488.190686596993,High,4263.83,High
C00939,4720.548970088337,High,4963.2300000000005,High
C01400,9643.139975285008,High,8761.039999999999,High
C00366,0.0,Low,0.0,Low
C00783,3637.6615396703,High,4567.84,High
C01374,7181.66283421402,High,7356.02,High
C00647,0.0,Low,0.0,Low
C00466,9507.939612154354,High,9959.03,High
C00754,0.0,Low,0.0,Low
C01364,3744.3129706513987,High,2530.95,High
C00759,0.0,Low,0.0,Low
C01449,8052.335528603704,High,9687.12,High
C00826,1641.8490366768717,Low,88.48,Low
C00813,4528.553679481932,Low,1582.98,Low
C00796,0.0,Low,0.0,Low
C00149,3811.3793494315214,High,3966.54,High
C01036,6284.903872363394,High,8170.29,High
C01319,9358.937924606465,High,10632.710000000001,High
C00340,0.0,Low,0.0,Low
C00015,0.0,Low,0.0,Low
C00649,7287.097514412409,High,7248.3,High
C00587,3571.4351864694036,Low,2362.83,Low
C01154,2137.427758198102,Low,1506.09,Low
C00706,0.0,Low,0.0,Low
C00414,1032.1624323528831,Low,200.78,Low
C00908,4867.128610234783,High,5378.6,High
C00073,8426.920131040599,High,2158.0,Low
C00808,0.0,Low,0.0,Low
C00299,0.0,Low,0.0,Low
C00405,4328.592403477365,High,4744.780000000001,High
C00308,3592.8588870251383,High,3650.79,High
C00322,4448.064158034127,High,4353.24,High
C01341,0.0,Low,0.0,Low
C00096,0.0,Low,0.0,Low
C00272,6565.374651447821,High,6263.7300000000005,High
C00507,6058.138452646671,High,5867.59,High
C00088,5460.419433829164,High,2419.56,High
C00698,0.0,Low,0.0,Low
C00551,3563.757530513195,Low,1082.4099999999999,Low
C00456,4760.751738652087,High,5403.92,High
C00806,0.0,Low,0.0,Low
C00271,0.0,Low,0.0,Low
C00619,0.0,Low,0.0,Low
C00774,0.0,Low,0.0,Low
C00579,4115.327353259473,High,5769.360000000001,High
C00339,0.0,Low,0.0,Low
C00695,0.0,Low,0.0,Low
C00995,0.0,Low,0.0,Low
C00463,4888.849308905689,High,6881.57,High
C00059,4588.418984063645,High,4599.83,High
C00954,3637.3236455989045,Low,1719.49,Low
C01024,0.0,Low,0.0,Low
C00924,0.0,Low,0.0,Low
C01015,0.0,Low,0.0,Low
C00429,1203.7376840153847,Low,699.64,Low
C01155,2432.6127387343886,High,2438.98,High
C00406,0.0,Low,0.0,Low
C01434,7416.374458257755,High,1024.8700000000001,Low
C01060,5862.6079206664335,High,5715.84,High
C01441,6778.891657629315,High,4263.83,High
C00167,0.0,Low,0.0,Low
C00949,0.0,Low,0.0,Low
C00412,3459.3939121834424,High,4355.4400000000005,High
C00664,8161.076292917412,High,9878.79,High
C01026,6131.234496091458,High,9187.68,High
C00609,7675.26461472674,High,6834.9,High
C00891,1136.5320522141824,Low,620.19,Low
C00600,0.0,Low,0.0,Low
C00009,4400.956322095443,High,4089.1400000000003,High
C01142,9115.340789238064,High,8597.69,High
C01205,7985.354274762442,High,5082.11,High
C00795,6765.238970402841,High,6960.59,High
C00069,1619.8617055520401,Low,528.81,Low
C00391,5015.256240897223,High,4263.83,High
C01343,3091.2464836300273,High,3572.6800000000003,High
C00741,3898.537434847385,High,392.13,Low
C00890,5481.258812832136,High,6082.08,High
C01447,4049.12706797869,High,2940.69,High
C00258,6119.510327042169,High,7716.6,High
C01404,5962.725516239772,High,7240.39,High
C00812,2356.0070438969833,Low,231.54999999999998,Low
C00869,5025.901453957017,High,3815.17,High
C00583,9220.042223496688,High,14680.64,High
C00814,4757.564909529159,High,7368.29,High
C01274,3047.3232983198895,High,2534.63,High
C00379,3410.3667491230885,High,4263.83,High
C00338,0.0,Low,0.0,Low
C00092,4353.704176300612,High,4263.83,High
C00530,3445.3219552622027,High,2313.66,Low
C00459,5666.993439257485,High,7720.18,High
C00751,2983.0708675720957,High,2496.1899999999996,High
C00467,0.0,Low,0.0,Low
C00179,2049.9424254279215,Low,198.60000000000002,Low
C00794,3252.5570257597446,High,4875.65,High
C00264,2400.1304532279014,High,31.43,Low
C00893,5427.719285151006,High,7018.41,High
C01415,0.0,Low,0.0,Low
C00197,3428.8337779207695,High,4706.610000000001,High
C00592,0.0,Low,0.0,Low
C00603,2028.0481469981478,Low,7345.26,High
C00709,0.0,Low,0.0,Low
C00642,5989.4607626438865,High,5017.92,High
C00626,0.0,Low,0.0,Low
C00269,5775.315575609956,High,7800.9400000000005,High
C00661,4691.983229084155,High,2857.03,High
C00880,0.0,Low,0.0,Low
C00889,8702.147637457976,High,15824.92,High
C00243,4448.9389571974825,High,4263.83,High
C00916,4935.393742430893,High,1560.42,Low
C00134,3185.999693359469,High,2727.0299999999997,High
C00452,3747.851530808407,High,5016.84,High
C01304,1833.4282992847611,Low,551.13,Low
C00555,0.0,Low,0.0,Low
C00183,1022.0684887864358,Low,937.27,Low
C01179,0.0,Low,0.0,Low
C00837,0.0,Low,0.0,Low
C00275,0.0,Low,0.0,Low
C00122,4343.39236019302,High,4109.29,High
C01244,0.0,Low,0.0,Low
C00730,2796.0093499845434,Low,2232.9,Low
C00791,8178.399801563628,High,3736.1000000000004,High
C01206,0.0,Low,0.0,Low
C01201,6444.793179572418,High,7748.98,High
C00032,0.0,Low,0.0,Low
C01436,0.0,Low,0.0,Low
C00098,6193.272945667219,High,4033.5300000000007,High
C00495,0.0,Low,0.0,Low
C00963,0.0,Low,0.0,Low
C00724,3495.837777682225,High,749.6,Low
C00170,0.0,Low,0.0,Low
C01351,2946.0366614398868,High,4505.45,High
C00304,4348.4668008973795,High,5554.049999999999,High
C00646,2795.8289538529616,High,2563.16,High
C00539,4360.194412064976,High,4398.18,High
C00958,0.0,Low,0.0,Low
C00402,8456.555983023523,High,10132.710000000001,High
C00633,0.0,Low,0.0,Low
C00342,0.0,Low,0.0,Low
C00465,0.0,Low,0.0,Low
C00093,4598.4683936118845,High,5257.19,High
C00536,945.1747238127984,Low,441.51,Low
C01227,0.0,Low,0.0,Low
C00288,4804.4110075759745,High,4413.46,High
C00526,0.0,Low,0.0,Low
C00358,0.0,Low,0.0,Low
C00913,0.0,Low,0.0,Low
C01389,3237.945800900614,High,3022.33,High
C00789,4786.453146916389,High,4853.15,High
C01096,742.4261399822316,Low,677.56,Low
C00357,0.0,Low,0.0,Low
C01306,3655.232325601435,High,981.72,Low
C00697,0.0,Low,0.0,Low
C01347,0.0,Low,0.0,Low
C01067,0.0,Low,0.0,Low
C01309,4513.949139230253,High,4263.83,High
C00002,5020.256118646199,High,4263.83,High
C00123,0.0,Low,0.0,Low
C00818,6636.7731356238455,High,7299.830000000001,High
C01010,0.0,Low,0.0,Low
C01065,2078.183912022651,Low,1306.8700000000001,Low
C00800,0.0,Low,0.0,Low
C00847,2524.1227867041807,High,1494.48,Low
C01098,0.0,Low,0.0,Low
C01007,8531.003609724183,High,12911.65,High
C00861,0.0,Low,0.0,Low
C00982,6072.207898393895,High,8541.53,High
C00279,4609.747435410606,High,3290.5,High
C01210,2152.0387614136334,Low,463.08,Low
C01051,8013.806973886052,High,10928.61,High
C00298,1801.5060345710071,Low,453.37,Low
C00694,0.0,Low,0.0,Low
C00127,5609.484163777446,High,5628.39,High
C00119,0.0,Low,0.0,Low
C00185,7608.387753838685,High,10189.7,High
C00440,0.0,Low,0.0,Low
C00296,7764.194995165857,High,8799.41,High
C00256,0.0,Low,0.0,Low
C00195,0.0,Low,0.0,Low
C01174,0.0,Low,0.0,Low
C00024,7557.0898683090845,High,5353.96,High
C00394,3176.1001262950103,Low,5246.57,High
C00184,6665.093639466088,High,7290.410000000001,High
C00780,5466.470515450098,High,9158.41,High
C00238,637.3346512854642,Low,532.77,Low
C00691,8520.534390317194,High,9519.14,High
C01293,5291.388796504896,High,404.96999999999997,Low
C00347,0.0,Low,0.0,Low
C01403,0.0,Low,0.0,Low
C00850,4985.834193131478,High,4861.17,High
C00475,0.0,Low,0.0,Low
C01285,0.0,Low,0.0,Low
C00933,10856.14780983848,High,12557.41,High
C00873,7953.415567898786,High,10350.53,High
C00417,4767.98414760587,High,4263.83,High
C01149,6739.848839680623,High,5782.63,High
C00388,0.0,Low,0.0,Low
C01452,0.0,Low,0.0,Low
C00693,0.0,Low,0.0,Low
C00280,7090.548801603105,High,8259.26,High
C00898,5981.208189855936,High,5780.87,High
C00978,2275.272605025098,Low,1045.66,Low
C00905,6397.687947570364,High,8037.4800000000005,High
C00102,6483.502058846962,High,4317.13,High
C00370,5200.693397324984,High,6367.65,High
C01239,0.0,Low,0.0,Low
C00786,2848.2644122774095,High,5076.04,High
C00214,3335.5240367395536,High,4475.27,High
C01299,9027.585077557978,High,10530.75,High
C01291,5535.297611722805,High,7049.9400000000005,High
C00710,0.0,Low,0.0,Low
C01139,0.0,Low,0.0,Low
C01220,0.0,Low,0.0,Low
C00393,2160.891466249534,Low,529.75,Low
C01138,0.0,Low,0.0,Low
C00113,0.0,Low,0.0,Low
C00581,3175.7437681161973,High,3675.9,High
C00855,0.0,Low,0.0,Low
C00054,0.0,Low,0.0,Low
C01145,3831.3979970550527,High,4263.83,High
C01326,9923.39353589881,High,5473.27,High
C00187,0.0,Low,0.0,Low
C01412,0.0,Low,0.0,Low
C00458,0.0,Low,0.0,Low
C00302,5656.638615789521,High,2622.8199999999997,High
C00063,6536.614975942368,High,7231.860000000001,High
C00118,0.0,Low,0.0,Low
C00757,853.7429074828432,Low,134.09,Low
C01094,0.0,Low,0.0,Low
C00212,0.0,Low,0.0,Low
C01294,3303.1352680258783,High,4287.92,High
C00362,0.0,Low,0.0,Low
C01147,2818.2769475877385,Low,499.67999999999995,Low
C00692,12003.948991663743,High,15026.380000000001,High
C00828,0.0,Low,0.0,Low
C00989,2122.269988695391,Low,63.15,Low
C00062,0.0,Low,0.0,Low
C01153,0.0,Low,0.0,Low
C01301,0.0,Low,0.0,Low
C00045,4264.2045380255995,High,4263.83,High
C00455,1830.9951978842842,Low,200.78,Low
C00777,5814.563716491179,High,2839.0899999999997,High
C00047,0.0,Low,0.0,Low
C01234,1493.2468704464072,Low,1463.47,Low
C00652,0.0,Low,0.0,Low
C00217,7497.74642607124,High,9158.05,High
C00866,6122.159764049566,High,8066.120000000001,High
C01081,0.0,Low,0.0,Low
C00918,9105.691949175578,High,11189.02,High
C00606,4363.495799507633,High,4416.55,High
C00839,0.0,Low,0.0,Low
C01360,0.0,Low,0.0,Low
C01448,2895.087031280375,Low,1028.76,Low
C00344,0.0,Low,0.0,Low
C01458,3732.6130193643035,High,4565.93,High
C01221,3387.511134672124,High,2634.64,High
C00079,1316.9799978989045,Low,543.69,Low
C00278,0.0,Low,0.0,Low
C00668,0.0,Low,0.0,Low
C01357,3094.2553552632417,High,3632.09,High
C00471,3199.2237047962926,High,3655.72,High
C00182,0.0,Low,0.0,Low
C00476,5281.787552939708,High,4349.34,High
C00635,0.0,Low,0.0,Low
C00115,0.0,Low,0.0,Low
C01050,0.0,Low,0.0,Low
C00250,8488.352638514401,High,8609.01,High
C00821,7034.717889566992,High,7555.12,High
C00605,0.0,Low,0.0,Low
C00027,7195.114062655817,High,9804.5,High
C00070,1784.3171140432107,Low,525.63,Low
C00153,0.0,Low,0.0,Low
C01348,2748.4273953183642,High,4263.83,High
C01209,3989.9719540805922,High,3188.0800000000004,High
C01349,0.0,Low,0.0,Low
C00328,7344.7730657207685,High,2529.4300000000003,High
C01408,0.0,Low,0.0,Low
C01114,1321.0057994468057,Low,275.14,Low
C00392,5789.821742423001,High,4452.29,High
C00599,1524.5593584800781,Low,633.23,Low
C01137,0.0,Low,0.0,Low
C00557,0.0,Low,0.0,Low
C00534,0.0,Low,0.0,Low
C00994,6106.98694021917,High,7193.89,High
C00719,2413.981814145543,Low,1281.54,Low
C00403,8560.400174891987,High,9804.55,High
C01262,0.0,Low,0.0,Low
C01088,4335.29408930289,High,4173.85,High
C00525,0.0,Low,0.0,Low
C00785,9027.029615493326,High,11747.47,High
C01006,0.0,Low,0.0,Low
C00957,0.0,Low,0.0,Low
C01001,4481.601517579994,High,4263.83,High
C00981,4392.71503925207,High,2926.7599999999998,High
C00684,0.0,Low,0.0,Low
C01167,0.0,Low,0.0,Low
C00404,5126.190982423115,High,4263.83,High
C00788,4364.648729265678,High,4142.49,High
C00602,4453.897524017141,High,4263.83,High
C01039,1676.1821170336082,Low,745.37,Low
C00792,0.0,Low,0.0,Low
C00376,8911.695998271143,High,10969.91,High
C00936,1525.177448683622,Low,1279.22,Low
C01200,0.0,Low,0.0,Low
C00178,9808.841113561712,High,4263.83,High
C01080,3651.2444933355014,High,2569.37,High
C01407,0.0,Low,0.0,Low
C00485,0.0,Low,0.0,Low
C00287,3121.7878778704708,High,2780.83,High
C00101,0.0,Low,0.0,Low
C01290,2525.726070487499,Low,745.9000000000001,Low
C00911,0.0,Low,0.0,Low
C00923,7529.989891055473,High,9724.4,High
C00253,0.0,Low,0.0,Low
C00676,4733.345501778179,High,5921.08,High
C00450,0.0,Low,0.0,Low
C01339,6882.3579350634745,High,8421.81,High
C01457,1728.9059797842026,Low,438.68,Low
C01393,5384.189433385996,High,5499.79,High
C00704,3320.5420330981638,High,4750.12,High
C01218,0.0,Low,0.0,Low
C00111,0.0,Low,0.0,Low
C00972,2022.0896140605903,Low,2229.48,Low
C00564,7565.825611955662,High,9161.25,High
C01237,2334.2711004068287,Low,1706.69,Low
C00317,3594.68948853942,High,4508.96,High
C01369,1432.6963160260889,Low,1448.4,Low
C00497,0.0,Low,0.0,Low
C01165,0.0,Low,0.0,Low
C00321,0.0,Low,0.0,Low
C01146,8538.199279629127,High,7687.5199999999995,High
C00542,0.0,Low,0.0,Low
C01315,0.0,Low,0.0,Low
C00035,4727.339264683953,High,4560.4400000000005,High
C01199,4863.720459652763,High,2758.56,High
C00566,0.0,Low,0.0,Low
C00699,4575.385140831727,High,4263.83,High
C00345,0.0,Low,0.0,Low
C00244,0.0,Low,0.0,Low
C01128,3172.5275362935586,High,4263.83,High
C00189,0.0,Low,0.0,Low
C00130,2986.834364217775,High,3134.7799999999997,High
C00764,4713.372066277773,High,4692.33,High
C00784,0.0,Low,0.0,Low
C00141,0.0,Low,0.0,Low
C00623,0.0,Low,0.0,Low
C00292,4297.065520437028,High,4505.45,High
C01140,3129.376181136049,Low,309.03,Low
C00049,0.0,Low,0.0,Low
C00712,5813.3496599310365,High,4562.87,High
C00273,0.0,Low,0.0,Low
C01092,1111.1694687801005,Low,886.35,Low
C00065,4349.844969817339,High,4263.83,High
C00200,3941.0182041854882,High,5182.64,High
C01211,0.0,Low,0.0,Low
C00922,0.0,Low,0.0,Low
C01022,5474.866722545775,High,5065.3,High
C01277,0.0,Low,0.0,Low
C00755,3743.5173438749475,High,5560.4400000000005,High
C00145,0.0,Low,0.0,Low
C01344,3620.660667956347,Low,1204.05,Low
C01097,0.0,Low,0.0,Low
C01336,7495.436226044829,High,8770.45,High
C01224,582.2980080383983,Low,105.97,Low
C00763,0.0,Low,0.0,Low
C00234,0.0,Low,0.0,Low
C01129,2803.9901835039445,High,4324.28,High
C00907,0.0,Low,0.0,Low
C01342,0.0,Low,0.0,Low
C00750,3316.505992303921,High,2385.45,High
C00372,3827.862107173544,High,2498.02,High
C00590,0.0,Low,0.0,Low
C00984,0.0,Low,0.0,Low
C01212,0.0,Low,0.0,Low
C00707,0.0,Low,0.0,Low
C00817,0.0,Low,0.0,Low
C00852,0.0,Low,0.0,Low
C00798,0.0,Low,0.0,Low
C00246,0.0,Low,0.0,Low
C00997,0.0,Low,0.0,Low
C00553,6364.8012709448985,High,5463.76,High
C01077,0.0,Low,0.0,Low
C01075,2533.5614766505037,Low,1465.1599999999999,Low
C00968,3010.8728136347736,High,2591.73,High
C00190,0.0,Low,0.0,Low
C00505,0.0,Low,0.0,Low
C00753,0.0,Low,0.0,Low
C01386,0.0,Low,0.0,Low
C01398,0.0,Low,0.0,Low
C01041,0.0,Low,0.0,Low
C00110,0.0,Low,0.0,Low
C01268,4602.562510693482,High,3927.68,High
C00593,4316.361270069944,High,4263.83,High
C00560,0.0,Low,0.0,Low
C00721,0.0,Low,0.0,Low
C01352,0.0,Low,0.0,Low
C01132,0.0,Low,0.0,Low
C00484,5056.201347474891,High,5052.42,High
C00082,0.0,Low,0.0,Low
C00840,767.3509241858977,Low,453.55,Low
C00871,0.0,Low,0.0,Low
C00941,1607.0742075583787,Low,133.29,Low
C00136,0.0,Low,0.0,Low
C00917,0.0,Low,0.0,Low
C00248,1268.343413025781,Low,121.22,Low
C00748,0.0,Low,0.0,Low
C01223,0.0,Low,0.0,Low
C01134,1524.8093089418899,Low,25.95,Low
C01443,1492.5558682873154,Low,1248.08,Low
C00483,0.0,Low,0.0,Low
C00154,995.7642190195918,Low,350.24,Low
C01228,0.0,Low,0.0,Low
C00829,773.6703514465178,Low,561.1,Low
C00251,0.0,Low,0.0,Low
C00488,0.0,Low,0.0,Low
C01120,0.0,Low,0.0,Low
C00374,4483.379174684513,High,4406.91,High
C00207,0.0,Low,0.0,Low
C01078,0.0,Low,0.0,Low
C01378,0.0,Low,0.0,Low
C00311,0.0,Low,0.0,Low
C00660,0.0,Low,0.0,Low
C00329,0.0,Low,0.0,Low
C00451,626.1369215632427,Low,465.8,Low
C00677,5022.508083455165,High,4263.83,High
C00615,0.0,Low,0.0,Low
C00999,0.0,Low,0.0,Low
C01038,0.0,Low,0.0,Low
C01399,4233.646200573593,High,3573.79,High
